Workbook

Sheet Change Analysis
J1: Date | K1: Values | R1: Date | S1: Values
J2: 11th | K2: 11th | L2: 13th+14th | M2: 13th+14th | N2: 11th | O2: 13th+14th | R2: 11th | S2: 11th | T2: 13th+14th | U2: 13th+14th | V2: 11th | W2: 13th+14th
B3: Date | C3: Values | I3: Country | J3: Sum of Conversion | K3: Sum of Cost | L3: Sum of Conversion | M3: Sum of Cost | N3: CPA | O3: CPA | Q3: Labels | R3: Sum of Conversion | S3: Sum of Cost | T3: Sum of Conversion | U3: Sum of Cost | V3: CPA | W3: CPA
B4: 11th | C4: 11th | D4: 13th+14th | E4: 13th+14th | F4: 11th | G4: 13th+14th | I4: US | J4: 50 | K4: 7307.55 | L4: 29 | M4: 7205.58 | N4: =IFERROR(K4/J4,200) -> 146.151 | O4: =IFERROR(M4/L4,200) -> 248.46828 | Q4: Keyword - Preroll | R4: 20 | S4: 2048.33 | T4: 9 | U4: 3727.06 | V4: =IFERROR(S4/R4,200) -> 102.4165 | W4: =IFERROR(U4/T4,200) -> 414.11778
A5: JB/TJ | B5: Sum of Conversion | C5: Sum of Cost | D5: Sum of Conversion | E5: Sum of Cost | F5: CPA | G5: CPA | I5: CP | J5: 36 | K5: 2635.36 | L5: 19 | M5: 2723.59 | N5: =IFERROR(K5/J5,200) -> 73.204444 | O5: =IFERROR(M5/L5,200) -> 143.34684 | Q5: Remarketing | R5: 25 | S5: 3403.69 | T5: 15 | U5: 2210.84 | V5: =IFERROR(S5/R5,200) -> 136.1476 | W5: =IFERROR(U5/T5,200) -> 147.38933
A6: JB | B6: 21 | C6: 2966.34 | D6: 16 | E6: 4411.7 | F6: =C6/B6 -> 141.25429 | G6: =E6/D6 -> 275.73125 | I6: DE | J6: 5 | K6: 677.64 | L6: 7 | M6: 600 | N6: =IFERROR(K6/J6,200) -> 135.528 | O6: =IFERROR(M6/L6,200) -> 85.714286 | Q6: Native - Homepage | R6: 26 | S6: 2304.63 | T6: 8 | U6: 1638.84 | V6: =IFERROR(S6/R6,200) -> 88.639615 | W6: =IFERROR(U6/T6,200) -> 204.855
A7: OLD | B7: 46 | C7: 3260.79 | D7: 22 | E7: 3064.06 | F7: =C7/B7 -> 70.886739 | G7: =E7/D7 -> 139.27545 | I7: CA | J7: 13 | K7: 679.57 | L7: 2 | M7: 493.22 | N7: =IFERROR(K7/J7,200) -> 52.274615 | O7: =IFERROR(M7/L7,200) -> 246.61 | Q7: Native - Watch | R7: 8 | S7: 1749.65 | T7: 10 | U7: 1514.12 | V7: =IFERROR(S7/R7,200) -> 218.70625 | W7: =IFERROR(U7/T7,200) -> 151.412
A8: TJ | B8: 66 | C8: 9773.97 | D8: 44 | E8: 7391.41 | F8: =C8/B8 -> 148.09045 | G8: =E8/D8 -> 167.98659 | I8: PH | J8: 2 | K8: 559.49 | L8: 0 | M8: 497.03 | N8: =IFERROR(K8/J8,200) -> 279.745 | O8: =IFERROR(M8/L8,200) -> 200 | Q8: Hentai | R8: 21 | S8: 1647.23 | T8: 7 | U8: 1226.65 | V8: =IFERROR(S8/R8,200) -> 78.439524 | W8: =IFERROR(U8/T8,200) -> 175.23571
I9: OL | J9: 10 | K9: 625.42 | L9: 3 | M9: 340.47 | N9: =IFERROR(K9/J9,200) -> 62.542 | O9: =IFERROR(M9/L9,200) -> 113.49 | Q9: General - Pre-roll - T3 | R9: 2 | S9: 1453.71 | T9: 4 | U9: 1188.36 | V9: =IFERROR(S9/R9,200) -> 726.855 | W9: =IFERROR(U9/T9,200) -> 297.09
I10: MX | J10: 2 | K10: 412.48 | L10: 2 | M10: 370.01 | N10: =IFERROR(K10/J10,200) -> 206.24 | O10: =IFERROR(M10/L10,200) -> 185.005 | Q10: Global | R10: 12 | S10: 862.26 | T10: 10 | U10: 1210.58 | V10: =IFERROR(S10/R10,200) -> 71.855 | W10: =IFERROR(U10/T10,200) -> 121.058
I11: AU | J11: 4 | K11: 407.67 | L11: 6 | M11: 249.18 | N11: =IFERROR(K11/J11,200) -> 101.9175 | O11: =IFERROR(M11/L11,200) -> 41.53 | Q11: Native - Search | R11: 4 | S11: 661.37 | T11: 4 | U11: 575.53 | V11: =IFERROR(S11/R11,200) -> 165.3425 | W11: =IFERROR(U11/T11,200) -> 143.8825
I12: EG | J12: 0 | K12: 232.68 | L12: 0 | M12: 218.46 | N12: =IFERROR(K12/J12,200) -> 200 | O12: =IFERROR(M12/L12,200) -> 200 | Q12: General - Pre-roll | R12: 1 | S12: 503.02 | T12: 1 | U12: 437.52 | V12: =IFERROR(S12/R12,200) -> 503.02 | W12: =IFERROR(U12/T12,200) -> 437.52
I13: LA | J13: 0 | K13: 239.94 | L13: 1 | M13: 194.71 | N13: =IFERROR(K13/J13,200) -> 200 | O13: =IFERROR(M13/L13,200) -> 194.71 | Q13: Gay | R13: 3 | S13: 388.42 | T13: 3 | U13: 352.25 | V13: =IFERROR(S13/R13,200) -> 129.47333 | W13: =IFERROR(U13/T13,200) -> 117.41667
I14: MA | J14: 0 | K14: 214.18 | L14: 1 | M14: 196.23 | N14: =IFERROR(K14/J14,200) -> 200 | O14: =IFERROR(M14/L14,200) -> 196.23 | Q14: Trans | R14: 4 | S14: 370.97 | T14: 1 | U14: 221 | V14: =IFERROR(S14/R14,200) -> 92.7425 | W14: =IFERROR(U14/T14,200) -> 221
I15: UK | J15: 1 | K15: 195.28 | L15: 0 | M15: 194.88 | N15: =IFERROR(K15/J15,200) -> 195.28 | O15: =IFERROR(M15/L15,200) -> 200 | Q15: Shorties | R15: 2 | S15: 275.83 | T15: 7 | U15: 309.56 | V15: =IFERROR(S15/R15,200) -> 137.915 | W15: =IFERROR(U15/T15,200) -> 44.222857
I16: CO | J16: 1 | K16: 182.9 | L16: 0 | M16: 160.34 | N16: =IFERROR(K16/J16,200) -> 182.9 | O16: =IFERROR(M16/L16,200) -> 200 | Q16: General | R16: 3 | S16: 164.76 | T16: 0 | U16: 126.25 | V16: =IFERROR(S16/R16,200) -> 54.92 | W16: =IFERROR(U16/T16,200) -> 200
I17: PE | J17: 0 | K17: 181.05 | L17: 0 | M17: 154.39 | N17: =IFERROR(K17/J17,200) -> 200 | O17: =IFERROR(M17/L17,200) -> 200 | Q17: AI | R17: 1 | S17: 143.51 | T17: 3 | U17: 110.37 | V17: =IFERROR(S17/R17,200) -> 143.51 | W17: =IFERROR(U17/T17,200) -> 36.79
I18: AR | J18: 2 | K18: 150.74 | L18: 1 | M18: 124.45 | N18: =IFERROR(K18/J18,200) -> 75.37 | O18: =IFERROR(M18/L18,200) -> 124.45 | Q18: Indian | R18: 0 | S18: 17.9 | T18: 0 | U18: 13.77 | V18: =IFERROR(S18/R18,200) -> 200 | W18: =IFERROR(U18/T18,200) -> 200
I19: BR | J19: 0 | K19: 153.19 | L19: 0 | M19: 113.48 | N19: =IFERROR(K19/J19,200) -> 200 | O19: =IFERROR(M19/L19,200) -> 200 | Q19: Ocean | R19: 0 | S19: 3 | T19: 0 | U19: 2.73 | V19: =IFERROR(S19/R19,200) -> 200 | W19: =IFERROR(U19/T19,200) -> 200
I20: NL | J20: 0 | K20: 117.19 | L20: 1 | M20: 120.62 | N20: =IFERROR(K20/J20,200) -> 200 | O20: =IFERROR(M20/L20,200) -> 120.62 | Q20: Furry | R20: 1 | S20: 2.82 | T20: 0 | U20: 1.74 | V20: =IFERROR(S20/R20,200) -> 2.82 | W20: =IFERROR(U20/T20,200) -> 200
I21: EC | J21: 0 | K21: 122.03 | L21: 0 | M21: 95.9 | N21: =IFERROR(K21/J21,200) -> 200 | O21: =IFERROR(M21/L21,200) -> 200 | Q21: FinDom | S21: 0 | U21: 0 | V21: =IFERROR(S21/R21,200) -> 200 | W21: =IFERROR(U21/T21,200) -> 200
I22: SG | J22: 0 | K22: 114.87 | L22: 0 | M22: 94.58 | N22: =IFERROR(K22/J22,200) -> 200 | O22: =IFERROR(M22/L22,200) -> 200 | Q22: Missionary | S22: 0 | U22: 0 | V22: =IFERROR(S22/R22,200) -> 200 | W22: =IFERROR(U22/T22,200) -> 200
I23: ES | J23: 1 | K23: 109.65 | L23: 1 | M23: 89.55 | N23: =IFERROR(K23/J23,200) -> 109.65 | O23: =IFERROR(M23/L23,200) -> 89.55 | Q23: Erotica Interest | S23: 0 | U23: 0 | V23: =IFERROR(S23/R23,200) -> 200 | W23: =IFERROR(U23/T23,200) -> 200
I24: LK | J24: 0 | K24: 99.68 | L24: 0 | M24: 88.79 | N24: =IFERROR(K24/J24,200) -> 200 | O24: =IFERROR(M24/L24,200) -> 200 | Q24: Tests | S24: 0 | U24: 0 | V24: =IFERROR(S24/R24,200) -> 200 | W24: =IFERROR(U24/T24,200) -> 200
I25: UA | J25: 0 | K25: 75.02 | L25: 2 | M25: 75.41 | N25: =IFERROR(K25/J25,200) -> 200 | O25: =IFERROR(M25/L25,200) -> 37.705 | Q25: VR Intent | S25: 0 | U25: 0 | V25: =IFERROR(S25/R25,200) -> 200 | W25: =IFERROR(U25/T25,200) -> 200
I26: PO | J26: 1 | K26: 73.7 | L26: 0 | M26: 60.89 | N26: =IFERROR(K26/J26,200) -> 73.7 | O26: =IFERROR(M26/L26,200) -> 200 | Q26: Big Tits | S26: 0 | U26: 0 | V26: =IFERROR(S26/R26,200) -> 200 | W26: =IFERROR(U26/T26,200) -> 200
I27: AZ | J27: 1 | K27: 55.15 | L27: 1 | M27: 48.06 | N27: =IFERROR(K27/J27,200) -> 55.15 | O27: =IFERROR(M27/L27,200) -> 48.06 | Q27: VOD Hentai Intent | S27: 0 | U27: 0 | V27: =IFERROR(S27/R27,200) -> 200 | W27: =IFERROR(U27/T27,200) -> 200
I28: TN | J28: 0 | K28: 50.11 | L28: 0 | M28: 48.04 | N28: =IFERROR(K28/J28,200) -> 200 | O28: =IFERROR(M28/L28,200) -> 200 | Q28: Marvel | S28: 0 | U28: 0 | V28: =IFERROR(S28/R28,200) -> 200 | W28: =IFERROR(U28/T28,200) -> 200
I29: BO | J29: 0 | K29: 49.23 | L29: 0 | M29: 39.07 | N29: =IFERROR(K29/J29,200) -> 200 | O29: =IFERROR(M29/L29,200) -> 200 | Q29: JB-Testing | S29: 0 | U29: 0 | V29: =IFERROR(S29/R29,200) -> 200 | W29: =IFERROR(U29/T29,200) -> 200
I30: IN | J30: 0 | K30: 45.37 | L30: 0 | M30: 41.75 | N30: =IFERROR(K30/J30,200) -> 200 | O30: =IFERROR(M30/L30,200) -> 200 | Q30: Cowgirl | S30: 0 | U30: 0 | V30: =IFERROR(S30/R30,200) -> 200 | W30: =IFERROR(U30/T30,200) -> 200
I31: HN | J31: 0 | K31: 35.84 | L31: 0 | M31: 26.56 | N31: =IFERROR(K31/J31,200) -> 200 | O31: =IFERROR(M31/L31,200) -> 200 | Q31: Archive | S31: 0 | U31: 0 | V31: =IFERROR(S31/R31,200) -> 200 | W31: =IFERROR(U31/T31,200) -> 200
I32: SV | J32: 0 | K32: 34.21 | L32: 0 | M32: 25.88 | N32: =IFERROR(K32/J32,200) -> 200 | O32: =IFERROR(M32/L32,200) -> 200 | Q32: Bin | S32: 0 | U32: 0 | V32: =IFERROR(S32/R32,200) -> 200 | W32: =IFERROR(U32/T32,200) -> 200
... I34: ZA | J34: 0 | K34: 30.29 | L34: 1 | M34: 25.98 | N34: =IFERROR(K34/J34,200) -> 200 | O34: =IFERROR(M34/L34,200) -> 25.98 | Q34: Blowjob | S34: 0 | U34: 0 | V34: =IFERROR(S34/R34,200) -> 200 | W34: =IFERROR(U34/T34,200) -> 200
I35: NZ | J35: 1 | K35: 20.42 | L35: 2 | M35: 35.38 | N35: =IFERROR(K35/J35,200) -> 20.42 | O35: =IFERROR(M35/L35,200) -> 17.69
I36: T2 | J36: 1 | K36: 26.82 | L36: 1 | M36: 23.78 | N36: =IFERROR(K36/J36,200) -> 26.82 | O36: =IFERROR(M36/L36,200) -> 23.78 | Q36: Labels | R36: Keyword - Preroll
I37: JP | J37: 0 | K37: 21.3 | L37: 1 | M37: 29.28 | N37: =IFERROR(K37/J37,200) -> 200 | O37: =IFERROR(M37/L37,200) -> 29.28
I38: IT | J38: 1 | K38: 15.82 | L38: 0 | M38: 10.87 | N38: =IFERROR(K38/J38,200) -> 15.82 | O38: =IFERROR(M38/L38,200) -> 200 | R38: Date | S38: Values
I39: PY | J39: 1 | K39: 15.7 | L39: 0 | M39: 10.89 | N39: =IFERROR(K39/J39,200) -> 15.7 | O39: =IFERROR(M39/L39,200) -> 200 | R39: 11th | S39: 11th | T39: 13th+14th | U39: 13th+14th | V39: 11th | W39: 13th+14th
I40: PL | J40: 0 | K40: 0.27 | L40: 1 | M40: 9.34 | N40: =IFERROR(K40/J40,200) -> 200 | O40: =IFERROR(M40/L40,200) -> 9.34 | Q40: Campaign Name | R40: Sum of Conversion | S40: Sum of Cost | T40: Sum of Conversion | U40: Sum of Cost | V40: CPA | W40: CPA
I41: CL | J41: 0 | K41: 0.31 | L41: 0 | M41: 4.87 | N41: =IFERROR(K41/J41,200) -> 200 | O41: =IFERROR(M41/L41,200) -> 200 | Q41: US_EN_PREROLL_CPA_PH-RT_KEY-Missionary_AND_M_JB | R41: 1 | S41: 101.22 | T41: 5 | U41: 2129.47 | V41: =IFERROR(S41/R41,200) -> 101.22 | W41: =IFERROR(U41/T41,200) -> 425.894
I42: JB | J42: 0 | K42: 0.01 | M42: 0 | N42: =IFERROR(K42/J42,200) -> 200 | O42: =IFERROR(M42/L42,200) -> 200 | Q42: CPA - Pokemon/Digimon - Video-IS - ALL - USA | R42: 9 | S42: 321.59 | T42: 1 | U42: 217.82 | V42: =IFERROR(S42/R42,200) -> 35.732222 | W42: =IFERROR(U42/T42,200) -> 217.82
I43: TE | K43: 0 | M43: 0 | N43: =IFERROR(K43/J43,200) -> 200 | O43: =IFERROR(M43/L43,200) -> 200 | Q43: US_EN_PREROLL_CPA_ALL_KEY-Cumshot_AND_M_JB | R43: 0 | S43: 158.17 | T43: 0 | U43: 140.69 | V43: =IFERROR(S43/R43,200) -> 200 | W43: =IFERROR(U43/T43,200) -> 200
I44: (c | K44: 0 | M44: 0 | N44: =IFERROR(K44/J44,200) -> 200 | O44: =IFERROR(M44/L44,200) -> 200 | Q44: US_EN_PREROLL_CPA_ALL_KEY-Blonde_AND_M_JB | R44: 2 | S44: 137.4 | T44: 0 | U44: 141 | V44: =IFERROR(S44/R44,200) -> 68.7 | W44: =IFERROR(U44/T44,200) -> 200
Q45: US_EN_PREROLL_CPA_ALL_KEY-Cumshot_iOS_M_JB | R45: 0 | S45: 111.18 | T45: 0 | U45: 99.49 | V45: =IFERROR(S45/R45,200) -> 200 | W45: =IFERROR(U45/T45,200) -> 200
Q46: US_EN_PREROLL_CPA_ALL_KEY-Blonde_iOS_M_JB | R46: 0 | S46: 88.28 | T46: 1 | U46: 91.59 | V46: =IFERROR(S46/R46,200) -> 200 | W46: =IFERROR(U46/T46,200) -> 91.59
Q47: CPA - FinDom - Video-IS - Desktop - USA | R47: 0 | S47: 98.63 | T47: 0 | U47: 81.16 | V47: =IFERROR(S47/R47,200) -> 200 | W47: =IFERROR(U47/T47,200) -> 200
Q48: US_EN_PREROLL_CPA_ALL_KEY-Cowgirl_DESK_M_JB | R48: 2 | S48: 99.94 | T48: 1 | U48: 52.43 | V48: =IFERROR(S48/R48,200) -> 49.97 | W48: =IFERROR(U48/T48,200) -> 52.43
Q49: US_EN_PREROLL_CPA_ALL_KEY-Cowgirl_iOS_M_JB | R49: 0 | S49: 84.05 | T49: 0 | U49: 65.43 | V49: =IFERROR(S49/R49,200) -> 200 | W49: =IFERROR(U49/T49,200) -> 200
Q50: US_EN_PREROLL_CPA_ALL_KEY-INDIAN_ALL_M_JB | R50: 0 | S50: 76.56 | T50: 0 | U50: 63.16 | V50: =IFERROR(S50/R50,200) -> 200 | W50: =IFERROR(U50/T50,200) -> 200
Q51: CPA - Missionary - Video-IS - Desktop - Canada | R51: 0 | S51: 72.05 | T51: 0 | U51: 39 | V51: =IFERROR(S51/R51,200) -> 200 | W51: =IFERROR(U51/T51,200) -> 200
Q52: US_EN_PREROLL_CPA_ALL_KEY-Blonde_DESK_M_JB | R52: 0 | S52: 57.74 | T52: 0 | U52: 37.72 | V52: =IFERROR(S52/R52,200) -> 200 | W52: =IFERROR(U52/T52,200) -> 200
Q53: US_EN_PREROLL_CPA_PH-RT_KEY-Missionary_iOS_M_JB | R53: 1 | S53: 48.24 | T53: 0 | U53: 46.48 | V53: =IFERROR(S53/R53,200) -> 48.24 | W53: =IFERROR(U53/T53,200) -> 200
Q54: CPA - Missionary - Video-IS - Desktop - Aus | R54: 1 | S54: 47 | T54: 0 | U54: 46.6 | V54: =IFERROR(S54/R54,200) -> 47 | W54: =IFERROR(U54/T54,200) -> 200
Q55: CPA - Threesome - Video-IS - Desktop - Canada | R55: 1 | S55: 59.88 | T55: 0 | U55: 22.02 | V55: =IFERROR(S55/R55,200) -> 59.88 | W55: =IFERROR(U55/T55,200) -> 200
Q56: CPA - Missionary - Video-IS - Desktop - UK | R56: 0 | S56: 40.59 | T56: 0 | U56: 37.41 | V56: =IFERROR(S56/R56,200) -> 200 | W56: =IFERROR(U56/T56,200) -> 200
... Q134: CPA - Furry - Video-IS - excl. iOS - Aus | R134: 0 | S134: 0.01 | T134: 0 | U134: 0 | V134: =IFERROR(S134/R134,200) -> 200 | W134: =IFERROR(U134/T134,200) -> 200
Q135: CPA - Erotica Interest - Video-IS - excl. iOS - UK | R135: 0 | S135: 0 | U135: 0 | V135: =IFERROR(S135/R135,200) -> 200 | W135: =IFERROR(U135/T135,200) -> 200
Q136: CPA - Furry - Video-IS - excl. iOS - NZ | R136: 0 | S136: 0 | T136: 0 | U136: 0 | V136: =IFERROR(S136/R136,200) -> 200 | W136: =IFERROR(U136/T136,200) -> 200
Q137: CPA - Cowgirl - Video-IS - Desktop - Aus | R137: 0 | S137: 0 | U137: 0 | V137: =IFERROR(S137/R137,200) -> 200 | W137: =IFERROR(U137/T137,200) -> 200
Q138: CPA - FinDom - Video-IS - iOS - NZ | R138: 0 | S138: 0 | T138: 0 | U138: 0 | V138: =IFERROR(S138/R138,200) -> 200 | W138: =IFERROR(U138/T138,200) -> 200
Q139: CPA - Furry - Video-IS - excl. iOS - UK | R139: 0 | S139: 0 | T139: 0 | U139: 0 | V139: =IFERROR(S139/R139,200) -> 200 | W139: =IFERROR(U139/T139,200) -> 200
Q140: CPA - VOD Hentai Intent - Video-IS - iOS - Aus | R140: 0 | S140: 0 | U140: 0 | V140: =IFERROR(S140/R140,200) -> 200 | W140: =IFERROR(U140/T140,200) -> 200
Q141: CPA - Erotica Interest - Video-IS - iOS - Aus | R141: 0 | S141: 0 | T141: 0 | U141: 0 | V141: =IFERROR(S141/R141,200) -> 200 | W141: =IFERROR(U141/T141,200) -> 200
Q142: CPA - FinDom - Video-IS - excl. iOS - NZ | R142: 0 | S142: 0 | T142: 0 | U142: 0 | V142: =IFERROR(S142/R142,200) -> 200 | W142: =IFERROR(U142/T142,200) -> 200
Q143: CPA - VOD Hentai Intent - Video-IS - Desktop - USA | R143: 0 | S143: 0 | U143: 0 | V143: =IFERROR(S143/R143,200) -> 200 | W143: =IFERROR(U143/T143,200) -> 200
Q144: CPA - VR Intent - Video-IS - iOS - NZ | S144: 0 | U144: 0 | V144: =IFERROR(S144/R144,200) -> 200 | W144: =IFERROR(U144/T144,200) -> 200
Q145: CPA - Erotica Interest - Video-IS - excl. iOS - Aus | R145: 0 | S145: 0 | U145: 0 | V145: =IFERROR(S145/R145,200) -> 200 | W145: =IFERROR(U145/T145,200) -> 200
Q146: CPA - VR Intent - Video-IS - excl. iOS - NZ | S146: 0 | U146: 0 | V146: =IFERROR(S146/R146,200) -> 200 | W146: =IFERROR(U146/T146,200) -> 200
Q147: CPA - Erotica Interest - Video-IS - excl. iOS - NZ | S147: 0 | U147: 0 | V147: =IFERROR(S147/R147,200) -> 200 | W147: =IFERROR(U147/T147,200) -> 200
Q148: UK_EN_PREROLL_CPA_ALL_KEY-Missionary_DESK_M_JB | R148: 0 | S148: 0 | T148: 0 | U148: 0 | V148: =IFERROR(S148/R148,200) -> 200 | W148: =IFERROR(U148/T148,200) -> 200
Q149: CPA - VR Intent - Video-IS - Desktop - NZ | R149: 0 | S149: 0 | U149: 0 | V149: =IFERROR(S149/R149,200) -> 200 | W149: =IFERROR(U149/T149,200) -> 200
Q150: CPA - VOD Hentai Intent - Video-IS - iOS - NZ | S150: 0 | U150: 0 | V150: =IFERROR(S150/R150,200) -> 200 | W150: =IFERROR(U150/T150,200) -> 200
Q151: CPA - VOD Hentai Intent - Video-IS - excl. iOS - NZ | R151: 0 | S151: 0 | U151: 0 | V151: =IFERROR(S151/R151,200) -> 200 | W151: =IFERROR(U151/T151,200) -> 200
Q152: CPA - Furry - Video-IS - iOS - NZ | R152: 0 | S152: 0 | T152: 0 | U152: 0 | V152: =IFERROR(S152/R152,200) -> 200 | W152: =IFERROR(U152/T152,200) -> 200
Q153: CPA - VR Intent - Video-IS - excl. iOS - UK | R153: 0 | S153: 0 | U153: 0 | V153: =IFERROR(S153/R153,200) -> 200 | W153: =IFERROR(U153/T153,200) -> 200
Q154: CPA - Erotica Interest - Video-IS - iOS - NZ | R154: 0 | S154: 0 | U154: 0 | V154: =IFERROR(S154/R154,200) -> 200 | W154: =IFERROR(U154/T154,200) -> 200
Q155: CPA - Blowjob - Video-IS - Desktop - Canada | R155: 0 | S155: 0 | U155: 0 | V155: =IFERROR(S155/R155,200) -> 200 | W155: =IFERROR(U155/T155,200) -> 200
Q156: US_EN_PREROLL_CPA_T8-PH-YP_KEY-Handjob_AND_M_JB | S156: 0 | T156: 0 | U156: 0 | V156: =IFERROR(S156/R156,200) -> 200 | W156: =IFERROR(U156/T156,200) -> 200
Q157: CPA - Erotica Interest - Video-IS - Desktop - NZ | R157: 0 | S157: 0 | T157: 0 | U157: 0 | V157: =IFERROR(S157/R157,200) -> 200 | W157: =IFERROR(U157/T157,200) -> 200
Q158: CPA - VR Intent - Video-IS - excl. iOS - Aus | R158: 0 | S158: 0 | T158: 0 | U158: 0 | V158: =IFERROR(S158/R158,200) -> 200 | W158: =IFERROR(U158/T158,200) -> 200
Q159: US_EN_PREROLL_CPA_ALL_KEY-Cowgirl_AND_M_JB | R159: 0 | S159: 0 | U159: 0 | V159: =IFERROR(S159/R159,200) -> 200 | W159: =IFERROR(U159/T159,200) -> 200
Q160: CPA - VR Intent - Video-IS - iOS - Aus | R160: 0 | S160: 0 | U160: 0 | V160: =IFERROR(S160/R160,200) -> 200 | W160: =IFERROR(U160/T160,200) -> 200

Sheet Overall Analysis
F1: Labels | G1: Keyword - Preroll | K1: Labels | L1: Hentai | P1: Labels | Q1: Native - Watch | U1: Labels | V1: Native - Homepage | Z1: Labels | AA1: Native - Search | AE1: Labels | AF1: Gay | AJ1: Labels | AK1: Trans
A3: Row Labels | B3: Sum of Conversion | C3: Sum of Cost | F3: Row Labels | G3: Sum of Conversion | H3: Sum of Cost | K3: Campaign Name | L3: Sum of Conversion | M3: Sum of Cost | P3: Row Labels | Q3: Sum of Conversion | R3: Sum of Cost | U3: Row Labels | V3: Sum of Conversion | W3: Sum of Cost | Z3: Row Labels | AA3: Sum of Conversion | AB3: Sum of Cost | AE3: Row Labels | AF3: Sum of Conversion | AG3: Sum of Cost | AJ3: Row Labels | AK3: Sum of Conversion | AL3: Sum of Cost | AO3: Campaign Name | AP3: Labels | AQ3: Sum of Conversion | AR3: Sum of Cost
A4: Keyword - Preroll | B4: 254 | C4: 33304.19 | D4: =C4/B4 -> 131.11886 | F4: AU | G4: 2 | H4: 348.76 | I4: =H4/G4 -> 174.38 | K4: US_EN_NATIVE_CPM_PH_ALL-MOB_HENTAI_SEGMENT_ALL_TJ | L4: 31 | M4: 2475.55 | N4: =M4/L4 -> 79.856452 | P4: DE | Q4: 27 | R4: 2989.78 | S4: =R4/Q4 -> 110.73259 | U4: US | V4: 99 | W4: 12367.4 | X4: =W4/V4 -> 124.92323 | Z4: DE | AA4: 24 | AB4: 2990.22 | AC4: =AB4/AA4 -> 124.5925 | AE4: US | AF4: 40 | AG4: 5441.14 | AH4: =AG4/AF4 -> 136.0285 | AJ4: US | AK4: 25 | AL4: 3146.14 | AM4: =AL4/AK4 -> 125.8456 | AO4: PH_EN_PREROLL_CPM_PH_MOB_ALL-MOB_ALL_TJ | AP4: General - Pre-roll | AQ4: 4 | AR4: 2870.98
A5: Native - Homepage | B5: 214 | C5: 22926.6 | D5: =C5/B5 -> 107.13364 | F5: CP | G5: 155 | H5: 12801.01 | I5: =H5/G5 -> 82.587161 | K5: US_EN_PREROLL_CPA_ALL_KEY-Hentai-Cartoon_iOS_M_JB | L5: 20 | M5: 2396.11 | N5: =M5/L5 -> 119.8055 | P5: MX | Q5: 4 | R5: 1780.44 | S5: =R5/Q5 -> 445.11 | U5: OL | V5: 61 | W5: 4988.73 | X5: =W5/V5 -> 81.782459 | Z5: MX | AA5: 7 | AB5: 1780.63 | AC5: =AB5/AA5 -> 254.37571 | AE5: CA | AF5: 3 | AG5: 273.26 | AH5: =AG5/AF5 -> 91.086667 | AJ5: CP | AK5: 13 | AL5: 2065.37 | AM5: =AL5/AK5 -> 158.87462 | AO5: US_EN_PREROLL_CPA_ALL_Broad_AND_MF_JB | AP5: General - Pre-roll | AQ5: 1 | AR5: 471.67
A6: Hentai | B6: 219 | C6: 20489.91 | D6: =C6/B6 -> 93.561233 | F6: NZ | G6: 2 | H6: 271.92 | I6: =H6/G6 -> 135.96 | K6: US_EN_PREROLL_CPA_ALL_KEY-Hentai-Cartoon_AND_M_JB | L6: 11 | M6: 2299.9 | N6: =M6/L6 -> 209.08182 | P6: AR | Q6: 7 | R6: 1335.47 | S6: =R6/Q6 -> 190.78143 | U6: CA | V6: 23 | W6: 1838.67 | X6: =W6/V6 -> 79.942174 | Z6: PH | AA6: 1 | AB6: 869.04 | AC6: =AB6/AA6 -> 869.04 | AE6: AU | AF6: 1 | AG6: 82.89 | AH6: =AG6/AF6 -> 82.89 | AJ6: Grand Total | AK6: 38 | AL6: 5211.51 | AM6: =AL6/AK6 -> 137.145 | AO6: US_EN_PREROLL_CPA_ALL_Broad_DESK_MF_JB | AP6: General - Pre-roll | AQ6: 12 | AR6: 3227.23
A7: Native - Watch | B7: 133 | C7: 16043 | D7: =C7/B7 -> 120.62406 | F7: UK | G7: 0 | H7: 115.9 | I7: =H7/G7 -> #DIV/0! | K7: CA_EN_PREROLL_CPA_ALL_KEY-Hentai-Cartoon_DESK_M_JB | L7: 20 | M7: 1896.53 | N7: =M7/L7 -> 94.8265 | P7: CO | Q7: 4 | R7: 1091.84 | S7: =R7/Q7 -> 272.96 | U7: UK | V7: 7 | W7: 1422.93 | X7: =W7/V7 -> 203.27571 | Z7: EG | AA7: 0 | AB7: 361.71 | AC7: =AB7/AA7 -> #DIV/0! | AE7: Grand Total | AF7: 44 | AG7: 5797.29 | AH7: =AG7/AF7 -> 131.75659
A8: Global | B8: 142 | C8: 14571.96 | D8: =C8/B8 -> 102.61944 | F8: US | G8: 95 | H8: 19766.6 | I8: =H8/G8 -> 208.06947 | K8: CA_EN_PREROLL_CPA_ALL_KEY-Hentai-Cartoon_iOS_M_JB | L8: 14 | M8: 1804.2 | N8: =M8/L8 -> 128.87143 | P8: PH | Q8: 2 | R8: 869.07 | S8: =R8/Q8 -> 434.535 | U8: AU | V8: 18 | W8: 1376.19 | X8: =W8/V8 -> 76.455 | Z8: Grand Total | AA8: 32 | AB8: 6001.6 | AC8: =AB8/AA8 -> 187.55 | AH8: =AG8/AF8 -> #DIV/0!
A9: General - Pre-roll - T3 | B9: 41 | C9: 12438.07 | D9: =C9/B9 -> 303.36756 | F9: Grand Total | G9: 254 | H9: 33304.19 | K9: US_EN_PREROLL_CPA_ALL_KEY-Hentai-Cartoon_DESK_M_JB | L9: 13 | M9: 1681.39 | N9: =M9/L9 -> 129.33769 | P9: BR | Q9: 2 | R9: 868.85 | S9: =R9/Q9 -> 434.425 | U9: PH | V9: 3 | W9: 869.04 | X9: =W9/V9 -> 289.68
A10: Remarketing | B10: 70 | C10: 10142.54 | D10: =C10/B10 -> 144.89343 | K10: CA_EN_PREROLL_CPA_ALL_KEY-Hentai-Cartoon_AND_M_JB | L10: 13 | M10: 1068.28 | N10: =M10/L10 -> 82.175385 | P10: ES | Q10: 9 | R10: 856.24 | S10: =R10/Q10 -> 95.137778 | U10: NZ | V10: 3 | W10: 63.64 | X10: =W10/V10 -> 21.213333
A11: General - Pre-roll | B11: 17 | C11: 6569.88 | D11: =C11/B11 -> 386.46353 | F11: Labels | G11: Keyword - Preroll | K11: OLD_CPA_Hentai_NativeVideo_iOS_USA_SD | L11: 15 | M11: 909.68 | N11: =M11/L11 -> 60.645333 | P11: NL | Q11: 7 | R11: 727.52 | S11: =R11/Q11 -> 103.93143 | U11: Grand Total | V11: 214 | W11: 22926.6 | X11: =W11/V11 -> 107.13364
A12: Native - Search | B12: 32 | C12: 6001.6 | D12: =C12/B12 -> 187.55 | F12: Country | G12: US | K12: CPA - Hentai - Video-IS - Desktop - Canada | L12: 10 | M12: 835.61 | N12: =M12/L12 -> 83.561 | P12: MA | Q12: 2 | R12: 667.48 | S12: =R12/Q12 -> 333.74
A13: Gay | B13: 44 | C13: 5797.29 | D13: =C13/B13 -> 131.75659 | K13: CPA - Hentai - Video-IS - excl. iOS - Canada | L13: 8 | M13: 778.91 | N13: =M13/L13 -> 97.36375 | P13: UA | Q13: 14 | R13: 659.8 | S13: =R13/Q13 -> 47.128571
A14: Trans | B14: 38 | C14: 5211.51 | D14: =C14/B14 -> 137.145 | F14: Campaign Name | G14: Sum of Conversion | H14: Sum of Cost | K14: CPA - Hentai - Video-IS - excl. iOS - Aus | L14: 7 | M14: 625.13 | N14: =M14/L14 -> 89.304286 | P14: AU | Q14: 20 | R14: 632.61 | S14: =R14/Q14 -> 31.6305
A15: Shorties | B15: 52 | C15: 4442.21 | D15: =C15/B15 -> 85.427115 | F15: US_EN_PREROLL_CPA_PH-RT_KEY-Missionary_AND_M_JB | G15: 26 | H15: 5794.67 | I15: =H15/G15 -> 222.87192 | K15: OLD_CPA_Hentai_NativeVideo_excl.-iOS_USA_SD | L15: 8 | M15: 483.06 | N15: =M15/L15 -> 60.3825 | P15: PO | Q15: 21 | R15: 627.21 | S15: =R15/Q15 -> 29.867143
A16: AI | B16: 27 | C16: 1744.47 | D16: =C16/B16 -> 64.61 | F16: US_EN_PREROLL_CPA_ALL_KEY-Cumshot_AND_M_JB | G16: 7 | H16: 1983.37 | I16: =H16/G16 -> 283.33857 | K16: OLD_CPA_Hentai_NativeVideo_excl.-iOS_Canada_SD | L16: 5 | M16: 456.61 | N16: =M16/L16 -> 91.322 | P16: PE | Q16: 1 | R16: 556.22 | S16: =R16/Q16 -> 556.22
A17: General | B17: 18 | C17: 1450.91 | D17: =C17/B17 -> 80.606111 | F17: US_EN_PREROLL_CPA_ALL_KEY-Cowgirl_iOS_M_JB | G17: 9 | H17: 1906.98 | I17: =H17/G17 -> 211.88667 | K17: OLD_CPA_Hentai_300x250_excl.-iOS_USA_SD | L17: 6 | M17: 440.88 | N17: =M17/L17 -> 73.48 | P17: SG | Q17: 1 | R17: 443.59 | S17: =R17/Q17 -> 443.59
A18: Indian | B18: 6 | C18: 246.78 | D18: =C18/B18 -> 41.13 | F18: US_EN_PREROLL_CPA_ALL_KEY-Blonde_AND_M_JB | G18: 6 | H18: 1629.76 | I18: =H18/G18 -> 271.62667 | K18: CPA - Hentai - NativeVideo - iOS - Canada | L18: 1 | M18: 339.59 | N18: =M18/L18 -> 339.59 | P18: LK | Q18: 0 | R18: 365.8 | S18: =R18/Q18 -> #DIV/0!
A19: Furry | B19: 2 | C19: 46.87 | D19: =C19/B19 -> 23.435 | F19: US_EN_PREROLL_CPA_ALL_KEY-Cowgirl_DESK_M_JB | G19: 16 | H19: 1591.8 | I19: =H19/G19 -> 99.4875 | K19: CPA - Hentai - Video-IS - Desktop - USA | L19: 6 | M19: 288.16 | N19: =M19/L19 -> 48.026667 | P19: EG | Q19: 1 | R19: 361.6 | S19: =R19/Q19 -> 361.6
A20: Ocean | B20: 0 | C20: 43.31 | D20: =C20/B20 -> #DIV/0! | F20: US_EN_PREROLL_CPA_ALL_KEY-Cumshot_iOS_M_JB | G20: 0 | H20: 1129.73 | I20: =H20/G20 -> #DIV/0! | K20: CPA - Hentai - Video-IS - Desktop - UK | L20: 2 | M20: 165.41 | N20: =M20/L20 -> 82.705 | P20: EC | Q20: 1 | R20: 347.3 | S20: =R20/Q20 -> 347.3
A21: JB-Testing | B21: 0 | C21: 0.02 | D21: =C21/B21 -> #DIV/0! | F21: US_EN_PREROLL_CPA_ALL_KEY-Blonde_iOS_M_JB | G21: 4 | H21: 896.52 | I21: =H21/G21 -> 224.13 | K21: T2_EN_PREROLL_CPA_ALL_KEY-Hentai-Cartoon_AND_M_JB | L21: 5 | M21: 130.09 | N21: =M21/L21 -> 26.018 | P21: ZA | Q21: 4 | R21: 317.92 | S21: =R21/Q21 -> 79.48
A22: Archive | B22: 0 | C22: 0 | D22: =C22/B22 -> #DIV/0! | F22: US_EN_PREROLL_CPA_ALL_KEY-Blonde_DESK_M_JB | G22: 7 | H22: 869.13 | I22: =H22/G22 -> 124.16143 | K22: T2_EN_PREROLL_CPA_ALL_KEY-Hentai-Cartoon_iOS_M_JB | L22: 1 | M22: 122.16 | N22: =M22/L22 -> 122.16 | P22: GT | Q22: 3 | R22: 300.1 | S22: =R22/Q22 -> 100.03333
A23: Tests | B23: 0 | C23: 0 | D23: =C23/B23 -> #DIV/0! | F23: US_EN_PREROLL_CPA_ALL_KEY-INDIAN_ALL_M_JB | G23: 2 | H23: 764.22 | I23: =H23/G23 -> 382.11 | K23: OLD_CPA_Hentai_NativeVideo_iOS_Aus_SD | L23: 2 | M23: 113.27 | N23: =M23/L23 -> 56.635 | P23: JP | Q23: 3 | R23: 244.16 | S23: =R23/Q23 -> 81.386667
A24: Cowgirl | C24: 0 | D24: =C24/B24 -> #DIV/0! | F24: US_EN_PREROLL_CPA_ALL_KEY-Cumshot_DESK_M_JB | G24: 9 | H24: 693.57 | I24: =H24/G24 -> 77.063333 | K24: OLD_CPA_Hentai_NativeVideo_excl.-iOS_Aus_SD | L24: 3 | M24: 106.32 | N24: =M24/L24 -> 35.44 | P24: Grand Total | Q24: 133 | R24: 16043 | S24: =R24/Q24 -> 120.62406
A25: Marvel | C25: 0 | D25: =C25/B25 -> #DIV/0! | F25: US_EN_PREROLL_CPA_PH-RT_KEY-Missionary_iOS_M_JB | G25: 2 | H25: 485.6 | I25: =H25/G25 -> 242.8 | K25: T2_EN_PREROLL_CPA_ALL_KEY-Hentai-Cartoon_DESK_M_JB | L25: 2 | M25: 102.12 | N25: =M25/L25 -> 51.06
A26: Big Tits | C26: 0 | D26: =C26/B26 -> #DIV/0! | F26: US_EN_PREROLL_CPA_ALL_KEY-Missionary_DESK_M_JB | G26: 2 | H26: 478.45 | I26: =H26/G26 -> 239.225 | K26: CPA - Hentai - Video-IS - excl. iOS - OTH | L26: 1 | M26: 99.37 | N26: =M26/L26 -> 99.37 | P26: No USA? | Z26: No USA? | AE26: No USA?
A27: Bin | B27: 0 | C27: 0 | D27: =C27/B27 -> #DIV/0! | F27: US_EN_PREROLL_CPA_ALL_KEY-Cowgirl_AND_M_JB | G27: 2 | H27: 466.44 | I27: =H27/G27 -> 233.22 | K27: CPA - Hentai - Video-IS - iOS - OTH | L27: 0 | M27: 90.44 | N27: =M27/L27 -> #DIV/0!
A28: Threesome | C28: 0 | D28: =C28/B28 -> #DIV/0! | F28: US_EN_PREROLL_CPA_T8-PH-YP_KEY-Handjob_iOS_M_JB | G28: 1 | H28: 370.85 | I28: =H28/G28 -> 370.85 | K28: OLD_CPA_Hentai_NativeVideo_Desktop_Canada_SD | L28: 0 | M28: 83.24 | N28: =M28/L28 -> #DIV/0! | P28: Labels | Q28: Native - Watch
A29: Missionary | C29: 0 | D29: =C29/B29 -> #DIV/0! | F29: US_EN_PREROLL_CPA_T8-YP_KEY-Handjob_DESK_M_JB | G29: 0 | H29: 230.7 | I29: =H29/G29 -> #DIV/0! | K29: CPA - Hentai - Video-IS - excl. iOS - USA | L29: 4 | M29: 77.32 | N29: =M29/L29 -> 19.33
A30: FinDom | B30: 0 | C30: 0 | D30: =C30/B30 -> #DIV/0! | F30: US_EN_PREROLL_CPA_T8-PH-YP_KEY-Handjob_AND_M_JB | G30: 1 | H30: 186.98 | I30: =H30/G30 -> 186.98 | K30: CPA - Hentai - Video-IS - Desktop - OTH | L30: 2 | M30: 70.95 | N30: =M30/L30 -> 35.475 | P30: Row Labels | Q30: Sum of Conversion | R30: Sum of Cost
A31: VOD Hentai Intent | B31: 0 | C31: 0 | D31: =C31/B31 -> #DIV/0! | F31: US_EN_PREROLL_CPA_PH_KEY-Blowjob_AND_M_JB | G31: 0 | H31: 181.27 | I31: =H31/G31 -> #DIV/0! | K31: OLD_CPA_Hentai_300x250_iOS_Aus_SD | L31: 0 | M31: 62.39 | N31: =M31/L31 -> #DIV/0! | P31: MX_EN_NATIVE_CPM_PH_WATCH_ALL-MOB_ALL_TJ | Q31: 4 | R31: 1780.44
A32: Erotica Interest | B32: 0 | C32: 0 | D32: =C32/B32 -> #DIV/0! | F32: US_EN_PREROLL_CPA_PH_KEY-Blowjob_iOS_M_JB | G32: 1 | H32: 86.65 | I32: =H32/G32 -> 86.65 | K32: OLD_CPA_Hentai_300x250_excl.-iOS_Aus_SD | L32: 3 | M32: 60.42 | N32: =M32/L32 -> 20.14 | P32: MX | Q32: 4 | R32: 1780.44
A33: VR Intent | C33: 0 | D33: =C33/B33 -> #DIV/0! | F33: US_EN_PREROLL_CPA_PH_KEY-Blowjob_DESK_M_JB | G33: 0 | H33: 19.91 | I33: =H33/G33 -> #DIV/0! | K33: OLD_CPA_Hentai_NativeVideo_Desktop_Aus_SD | L33: 0 | M33: 49.67 | N33: =M33/L33 -> #DIV/0! | P33: Grand Total | Q33: 4 | R33: 1780.44
A34: Blowjob | C34: 0 | D34: =C34/B34 -> #DIV/0! | K34: OLD_CPA_Hentai_NativeVideo_excl.-iOS_UK_SD | L34: 1 | M34: 42.06 | N34: =M34/L34 -> 42.06
A35: Grand Total | B35: 1309 | C35: 161471.12 | K35: CPA - Hentai - NativeVideo - excl. iOS - UK | L35: 2 | M35: 37.96 | N35: =M35/L35 -> 18.98
K36: OLD_CPA_Hentai_300x250_Desktop_UK_SD | L36: 0 | M36: 31.77 | N36: =M36/L36 -> #DIV/0!
K37: CPA - Hentai - 300x250 - Desktop - UK | L37: 0 | M37: 31.6 | N37: =M37/L37 -> #DIV/0!
K38: CPA - Hentai - Video-IS - iOS - USA | L38: 2 | M38: 30.39 | N38: =M38/L38 -> 15.195
K39: OLD_CPA_Hentai_300x250_excl.-iOS_UK_SD | L39: 0 | M39: 26.59 | N39: =M39/L39 -> #DIV/0!
A40: Row Labels | B40: Sum of Conversion | C40: Sum of Cost | K40: OLD_CPA_Hentai_300x250_iOS_UK_SD | L40: 0 | M40: 25.96 | N40: =M40/L40 -> #DIV/0!
A41: JB | B41: 271 | C41: 43958.43 | D41: =C41/B41 -> 162.20823 | K41: OLD_CPA_Hentai_300x250_Desktop_NZ_SD | L41: 0 | M41: 23.27 | N41: =M41/L41 -> #DIV/0!
A42: OLD | B42: 526 | C42: 45690.83 | D42: =C42/B42 -> 86.864696 | K42: OLD_CPA_Hentai_NativeVideo_iOS_NZ_SD | L42: 1 | M42: 21.97 | N42: =M42/L42 -> 21.97
A43: TJ | B43: 512 | C43: 71821.86 | D43: =C43/B43 -> 140.27707 | K43: UK_EN_PREROLL_CPA_ALL_KEY-Hentai-Cartoon_DESK_M_JB | L43: 0 | M43: 19.24 | N43: =M43/L43 -> #DIV/0!
A44: (blank) | K44: OLD_CPA_Hentai_300x250_excl.-iOS_NZ_SD | L44: 0 | M44: 18.32 | N44: =M44/L44 -> #DIV/0!
A45: Grand Total | B45: 1309 | C45: 161471.12 | D45: =C45/B45 -> 123.35456 | K45: OLD_CPA_Hentai_NativeVideo_Desktop_UK_SD | L45: 0 | M45: 16.36 | N45: =M45/L45 -> #DIV/0!
K46: OLD_CPA_Hentai_NativeVideo_Desktop_NZ_SD | L46: 0 | M46: 14.06 | N46: =M46/L46 -> #DIV/0!
K47: OLD_CPA_Hentai_300x250_iOS_NZ_SD | L47: 0 | M47: 12.96 | N47: =M47/L47 -> #DIV/0!
K48: CPA - Hentai - Video-IS - excl. iOS - UK | L48: 0 | M48: 12.5 | N48: =M48/L48 -> #DIV/0!
K49: CPA - Hentai - Video-IS - iOS - UK | L49: 0 | M49: 6.71 | N49: =M49/L49 -> #DIV/0!
K50: AUS_EN_PREROLL_CPA_ALL_KEY-Hentai-Cartoon_iOS_M_JB | L50: 0 | M50: 3.01 | N50: =M50/L50 -> #DIV/0!
K51: AUS_EN_PREROLL_CPA_ALL_KEY-Hentai-Cartoon_AND_M_JB | L51: 0 | M51: 2.32 | N51: =M51/L51 -> #DIV/0!
K52: UK_EN_PREROLL_CPA_ALL_KEY-Hentai-Cartoon_AND_M_JB | L52: 0 | M52: 0.1 | N52: =M52/L52 -> #DIV/0!
K53: UK_EN_PREROLL_CPA_ALL_KEY-Hentai-Cartoon_iOS_M_JB | M53: 0 | N53: =M53/L53 -> #DIV/0!
K54: CPA - Hentai - 300x250 - Desktop - USA | M54: 0 | N54: =M54/L54 -> #DIV/0!
K55: CPA - Hentai - Video-IS - iOS - Canada | M55: 0 | N55: =M55/L55 -> #DIV/0!
K56: CPA - Hentai - 300x250 - excl. iOS - Canada | M56: 0 | N56: =M56/L56 -> #DIV/0!
K57: CPA - Hentai - 300x250 - Desktop - Canada | M57: 0 | N57: =M57/L57 -> #DIV/0!
K58: CPA - Hentai - 300x250 - iOS - Canada | M58: 0 | N58: =M58/L58 -> #DIV/0!
K59: CPA - Hentai - Video-IS - Desktop - Aus | M59: 0 | N59: =M59/L59 -> #DIV/0!
K60: CPA - Hentai - 300x250 - iOS - USA | M60: 0 | N60: =M60/L60 -> #DIV/0!
K61: CPA - Hentai - Video-IS - iOS - Aus | M61: 0 | N61: =M61/L61 -> #DIV/0!
K62: CPA - Hentai - NativeVideo - Desktop - USA | M62: 0 | N62: =M62/L62 -> #DIV/0!
K63: CPA - Hentai - Video-IS - Desktop - NZ | M63: 0 | N63: =M63/L63 -> #DIV/0!
K64: CPA - Hentai - Video-IS - iOS - NZ | M64: 0 | N64: =M64/L64 -> #DIV/0!
... K66: CPA - Hentai - 300x250 - Desktop - Aus | M66: 0 | N66: =M66/L66 -> #DIV/0!

Sheet Nov Extract
A1: Campaign Status | B1: ID | C1: Campaign Name | D1: Content Rating | E1: Dimensions | F1: Ad Format | G1: Exchange | H1: Device | I1: Targeting | J1: Active Ads | K1: Paused Ads | L1: Unlimited Budget | M1: Custom Budget | N1: Impressions | O1: Clicks | P1: CTR | Q1: Conversion | R1: Cost | S1: eCPM | T1: eCPC | U1: eCPA | V1: Tracker | W1: Rules | X1: Autopilot | Y1: Plays | Z1: Skips | AA1: Finishes | AB1: Group | AC1: Country | AD1: Labels | AE1: JB/TJ
A2: RUNNING | B2: 1011737002 | C2: CPA - AI - Video-IS - Desktop - USA | D2: nsfw | E2: 0.67291667 | F2: In-Stream Video | G2: TJX | H2: desktop | I2: GEO,Frequency,BrowserLanguage,Segment | J2: 230 | K2: 0 | L2: Yes | M2: Unlimited | N2: 49512 | O2: 2730 | P2: 5.51381 | Q2: 7 | R2: 213.56 | S2: 4.313 | T2: 0.078 | U2: 30.508 | V2: 1 | W2: 0 | X2: Yes | Y2: 49511 | Z2: 39008 | AA2: 5936 | AB2: AI | AC2: =LEFT(C2,2) -> CP | AD2: =_xlfn.XLOOKUP(C2,Mapping!A:A,Mapping!D:D,0,0) -> AI | AE2: =IFERROR(IF(SEARCH("_TJ",C2)>0,"TJ",NA()),IFERROR(IF(SEARCH("_JB",C2)>0,"JB",NA()),"OLD")) -> OLD
A3: PAUSED | B3: 1011737052 | C3: CPA - AI - Video-IS - Android - USA - BROKEN | D3: nsfw | E3: 0.67291667 | F3: In-Stream Video | G3: TJX | H3: mobile | I3: GEO,Frequency,OS,BrowserLanguage,Segment | J3: 308 | K3: 0 | L3: Yes | M3: Unlimited | N3: 0 | O3: 0 | P3: 0 | R3: 0 | S3: 0 | T3: 0 | U3: 0 | V3: 1 | W3: 0 | X3: Yes | AB3: Bin | AC3: =LEFT(C3,2) -> CP | AD3: =_xlfn.XLOOKUP(C3,Mapping!A:A,Mapping!D:D,0,0) -> Bin | AE3: =IFERROR(IF(SEARCH("_TJ",C3)>0,"TJ",NA()),IFERROR(IF(SEARCH("_JB",C3)>0,"JB",NA()),"OLD")) -> OLD
A4: PAUSED | B4: 1011737062 | C4: CPA - AI - Video-IS - iOS - USA - BROKEN | D4: nsfw | E4: 0.67291667 | F4: In-Stream Video | G4: TJX | H4: mobile | I4: GEO,Frequency,OS,BrowserLanguage,Segment | J4: 308 | K4: 0 | L4: Yes | M4: Unlimited | N4: 0 | O4: 0 | P4: 0 | R4: 0 | S4: 0 | T4: 0 | U4: 0 | V4: 1 | W4: 0 | X4: Yes | AB4: Bin | AC4: =LEFT(C4,2) -> CP | AD4: =_xlfn.XLOOKUP(C4,Mapping!A:A,Mapping!D:D,0,0) -> Bin | AE4: =IFERROR(IF(SEARCH("_TJ",C4)>0,"TJ",NA()),IFERROR(IF(SEARCH("_JB",C4)>0,"JB",NA()),"OLD")) -> OLD
A5: RUNNING | B5: 1011737262 | C5: CPA - AI - Video-IS - Desktop - Aus | D5: nsfw | E5: 0.67291667 | F5: In-Stream Video | G5: TJX | H5: desktop | I5: GEO,Frequency,BrowserLanguage,Segment | J5: 215 | K5: 0 | L5: Yes | M5: Unlimited | N5: 5627 | O5: 312 | P5: 5.5447 | Q5: 0 | R5: 15.32 | S5: 2.723 | T5: 0.049 | U5: 0 | V5: 1 | W5: 0 | X5: Yes | Y5: 5627 | Z5: 4466 | AA5: 668 | AB5: AI | AC5: =LEFT(C5,2) -> CP | AD5: =_xlfn.XLOOKUP(C5,Mapping!A:A,Mapping!D:D,0,0) -> AI | AE5: =IFERROR(IF(SEARCH("_TJ",C5)>0,"TJ",NA()),IFERROR(IF(SEARCH("_JB",C5)>0,"JB",NA()),"OLD")) -> OLD
A6: RUNNING | B6: 1011737272 | C6: CPA - AI - Video-IS - iOS - Aus | D6: nsfw | E6: 0.67291667 | F6: In-Stream Video | G6: TJX | H6: mobile | I6: GEO,Frequency,OS,BrowserLanguage,Segment | J6: 638 | K6: 0 | L6: Yes | M6: Unlimited | N6: 11261 | O6: 518 | P6: 4.59995 | Q6: 1 | R6: 39.16 | S6: 3.477 | T6: 0.076 | U6: 39.158 | V6: 1 | W6: 0 | X6: Yes | Y6: 11261 | Z6: 9916 | AA6: 1073 | AB6: AI | AC6: =LEFT(C6,2) -> CP | AD6: =_xlfn.XLOOKUP(C6,Mapping!A:A,Mapping!D:D,0,0) -> AI | AE6: =IFERROR(IF(SEARCH("_TJ",C6)>0,"TJ",NA()),IFERROR(IF(SEARCH("_JB",C6)>0,"JB",NA()),"OLD")) -> OLD
A7: RUNNING | B7: 1011737322 | C7: CPA - AI - Video-IS - excl. iOS - Aus | D7: nsfw | E7: 0.67291667 | F7: In-Stream Video | G7: TJX | H7: mobile | I7: GEO,Frequency,OS,BrowserLanguage,Segment | J7: 638 | K7: 0 | L7: Yes | M7: Unlimited | N7: 11408 | O7: 538 | P7: 4.71598 | Q7: 1 | R7: 45.48 | S7: 3.987 | T7: 0.085 | U7: 45.485 | V7: 1 | W7: 0 | X7: Yes | Y7: 11408 | Z7: 9960 | AA7: 1131 | AB7: AI | AC7: =LEFT(C7,2) -> CP | AD7: =_xlfn.XLOOKUP(C7,Mapping!A:A,Mapping!D:D,0,0) -> AI | AE7: =IFERROR(IF(SEARCH("_TJ",C7)>0,"TJ",NA()),IFERROR(IF(SEARCH("_JB",C7)>0,"JB",NA()),"OLD")) -> OLD
A8: RUNNING | B8: 1011744802 | C8: CPA - AI - Video-IS - Desktop - Canada | D8: nsfw | E8: 0.67291667 | F8: In-Stream Video | G8: TJX | H8: desktop | I8: GEO,Frequency,BrowserLanguage,Segment | J8: 285 | K8: 0 | L8: Yes | M8: Unlimited | N8: 15510 | O8: 889 | P8: 5.73179 | Q8: 1 | R8: 69.8 | S8: 4.5 | T8: 0.079 | U8: 69.8 | V8: 1 | W8: 0 | X8: Yes | Y8: 15510 | Z8: 12253 | AA8: 1897 | AB8: AI | AC8: =LEFT(C8,2) -> CP | AD8: =_xlfn.XLOOKUP(C8,Mapping!A:A,Mapping!D:D,0,0) -> AI | AE8: =IFERROR(IF(SEARCH("_TJ",C8)>0,"TJ",NA()),IFERROR(IF(SEARCH("_JB",C8)>0,"JB",NA()),"OLD")) -> OLD
A9: PAUSED | B9: 1011744812 | C9: CPA - AI - Video-IS - iOS - Canada | D9: nsfw | E9: 0.67291667 | F9: In-Stream Video | G9: TJX | H9: mobile | I9: GEO,Frequency,OS,BrowserLanguage,Segment | J9: 539 | K9: 0 | L9: Yes | M9: Unlimited | N9: 0 | O9: 0 | P9: 0 | R9: 0 | S9: 0 | T9: 0 | U9: 0 | V9: 1 | W9: 0 | X9: Yes | AB9: Bin | AC9: =LEFT(C9,2) -> CP | AD9: =_xlfn.XLOOKUP(C9,Mapping!A:A,Mapping!D:D,0,0) -> Bin | AE9: =IFERROR(IF(SEARCH("_TJ",C9)>0,"TJ",NA()),IFERROR(IF(SEARCH("_JB",C9)>0,"JB",NA()),"OLD")) -> OLD
A10: PAUSED | B10: 1011744822 | C10: CPA - AI - Video-IS - excl. iOS - Canada | D10: nsfw | E10: 0.67291667 | F10: In-Stream Video | G10: TJX | H10: mobile | I10: GEO,Frequency,OS,BrowserLanguage,Segment | J10: 638 | K10: 0 | L10: Yes | M10: Unlimited | N10: 0 | O10: 0 | P10: 0 | R10: 0 | S10: 0 | T10: 0 | U10: 0 | V10: 1 | W10: 0 | X10: Yes | AB10: AI | AC10: =LEFT(C10,2) -> CP | AD10: =_xlfn.XLOOKUP(C10,Mapping!A:A,Mapping!D:D,0,0) -> AI | AE10: =IFERROR(IF(SEARCH("_TJ",C10)>0,"TJ",NA()),IFERROR(IF(SEARCH("_JB",C10)>0,"JB",NA()),"OLD")) -> OLD
A11: RUNNING | B11: 1011744832 | C11: CPA - AI - Video-IS - Desktop - UK | D11: nsfw | E11: 0.67291667 | F11: In-Stream Video | G11: TJX | H11: desktop | I11: GEO,Frequency,BrowserLanguage,Segment | J11: 215 | K11: 0 | L11: Yes | M11: Unlimited | N11: 2477 | O11: 113 | P11: 4.56196 | Q11: 0 | R11: 11.28 | S11: 4.555 | T11: 0.1 | U11: 0 | V11: 1 | W11: 0 | X11: Yes | Y11: 2477 | Z11: 1935 | AA11: 342 | AB11: AI | AC11: =LEFT(C11,2) -> CP | AD11: =_xlfn.XLOOKUP(C11,Mapping!A:A,Mapping!D:D,0,0) -> AI | AE11: =IFERROR(IF(SEARCH("_TJ",C11)>0,"TJ",NA()),IFERROR(IF(SEARCH("_JB",C11)>0,"JB",NA()),"OLD")) -> OLD
A12: PAUSED | B12: 1011744842 | C12: CPA - AI - Video-IS - iOS - UK | D12: nsfw | E12: 0.67291667 | F12: In-Stream Video | G12: TJX | H12: mobile | I12: GEO,Frequency,OS,BrowserLanguage,Segment | J12: 539 | K12: 0 | L12: Yes | M12: Unlimited | N12: 0 | O12: 0 | P12: 0 | R12: 0 | S12: 0 | T12: 0 | U12: 0 | V12: 1 | W12: 0 | X12: Yes | AB12: Bin | AC12: =LEFT(C12,2) -> CP | AD12: =_xlfn.XLOOKUP(C12,Mapping!A:A,Mapping!D:D,0,0) -> Bin | AE12: =IFERROR(IF(SEARCH("_TJ",C12)>0,"TJ",NA()),IFERROR(IF(SEARCH("_JB",C12)>0,"JB",NA()),"OLD")) -> OLD
A13: RUNNING | B13: 1011744852 | C13: CPA - AI - Video-IS - excl. iOS - UK | D13: nsfw | E13: 0.67291667 | F13: In-Stream Video | G13: TJX | H13: mobile | I13: GEO,Frequency,OS,BrowserLanguage,Segment | J13: 638 | K13: 0 | L13: Yes | M13: Unlimited | N13: 7148 | O13: 354 | P13: 4.95242 | Q13: 1 | R13: 29.31 | S13: 4.101 | T13: 0.083 | U13: 29.314 | V13: 1 | W13: 0 | X13: Yes | Y13: 7148 | Z13: 6451 | AA13: 512 | AB13: AI | AC13: =LEFT(C13,2) -> CP | AD13: =_xlfn.XLOOKUP(C13,Mapping!A:A,Mapping!D:D,0,0) -> AI | AE13: =IFERROR(IF(SEARCH("_TJ",C13)>0,"TJ",NA()),IFERROR(IF(SEARCH("_JB",C13)>0,"JB",NA()),"OLD")) -> OLD
A14: PAUSED | B14: 1011744862 | C14: CPA - AI - Video-IS - excl. iOS - Norway | D14: nsfw | E14: 0.67291667 | F14: In-Stream Video | G14: TJX | H14: mobile | I14: GEO,Frequency,OS,BrowserLanguage,Segment | J14: 539 | K14: 0 | L14: Yes | M14: Unlimited | N14: 0 | O14: 0 | P14: 0 | R14: 0 | S14: 0 | T14: 0 | U14: 0 | V14: 1 | W14: 0 | X14: Yes | AB14: Bin | AC14: =LEFT(C14,2) -> CP | AD14: =_xlfn.XLOOKUP(C14,Mapping!A:A,Mapping!D:D,0,0) -> Bin | AE14: =IFERROR(IF(SEARCH("_TJ",C14)>0,"TJ",NA()),IFERROR(IF(SEARCH("_JB",C14)>0,"JB",NA()),"OLD")) -> OLD
A15: PAUSED | B15: 1011744872 | C15: CPA - AI - Video-IS - iOS - Norway | D15: nsfw | E15: 0.67291667 | F15: In-Stream Video | G15: TJX | H15: mobile | I15: GEO,Frequency,OS,BrowserLanguage,Segment | J15: 539 | K15: 0 | L15: Yes | M15: Unlimited | N15: 0 | O15: 0 | P15: 0 | R15: 0 | S15: 0 | T15: 0 | U15: 0 | V15: 1 | W15: 0 | X15: Yes | AB15: Bin | AC15: =LEFT(C15,2) -> CP | AD15: =_xlfn.XLOOKUP(C15,Mapping!A:A,Mapping!D:D,0,0) -> Bin | AE15: =IFERROR(IF(SEARCH("_TJ",C15)>0,"TJ",NA()),IFERROR(IF(SEARCH("_JB",C15)>0,"JB",NA()),"OLD")) -> OLD
A16: PAUSED | B16: 1011744882 | C16: CPA - AI - Video-IS - Desktop - Norway | D16: nsfw | E16: 0.67291667 | F16: In-Stream Video | G16: TJX | H16: desktop | I16: GEO,Frequency,BrowserLanguage,Segment | J16: 240 | K16: 0 | L16: Yes | M16: Unlimited | N16: 0 | O16: 0 | P16: 0 | R16: 0 | S16: 0 | T16: 0 | U16: 0 | V16: 1 | W16: 0 | X16: Yes | AB16: Bin | AC16: =LEFT(C16,2) -> CP | AD16: =_xlfn.XLOOKUP(C16,Mapping!A:A,Mapping!D:D,0,0) -> Bin | AE16: =IFERROR(IF(SEARCH("_TJ",C16)>0,"TJ",NA()),IFERROR(IF(SEARCH("_JB",C16)>0,"JB",NA()),"OLD")) -> OLD
A17: PAUSED | B17: 1011813152 | C17: CPA - Trans - Video-IS - Android - USA | D17: nsfw | E17: 0.67291667 | F17: In-Stream Video | G17: TJX | H17: mobile | I17: GEO,Frequency,OS,BrowserLanguage | J17: 352 | K17: 0 | L17: Yes | M17: Unlimited | N17: 0 | O17: 0 | P17: 0 | R17: 0 | S17: 0 | T17: 0 | U17: 0 | V17: 1 | W17: 0 | X17: Yes | AB17: Bin | AC17: =LEFT(C17,2) -> CP | AD17: =_xlfn.XLOOKUP(C17,Mapping!A:A,Mapping!D:D,0,0) -> Bin | AE17: =IFERROR(IF(SEARCH("_TJ",C17)>0,"TJ",NA()),IFERROR(IF(SEARCH("_JB",C17)>0,"JB",NA()),"OLD")) -> OLD
A18: PAUSED | B18: 1011813182 | C18: CPA - Shorties - Android - USA | D18: nsfw | E18: 0.38611111 | F18: In-Stream Video | G18: TJX | H18: mobile | I18: GEO,Frequency,OS,BrowserLanguage | J18: 11 | K18: 0 | L18: Yes | M18: Unlimited | N18: 0 | O18: 0 | P18: 0 | R18: 0 | S18: 0 | T18: 0 | U18: 0 | V18: 1 | W18: 0 | X18: Yes | AB18: Shorties | AC18: =LEFT(C18,2) -> CP | AD18: =_xlfn.XLOOKUP(C18,Mapping!A:A,Mapping!D:D,0,0) -> Shorties | AE18: =IFERROR(IF(SEARCH("_TJ",C18)>0,"TJ",NA()),IFERROR(IF(SEARCH("_JB",C18)>0,"JB",NA()),"OLD")) -> OLD
A19: PAUSED | B19: 1011813292 | C19: CPA - VR - Video-IS - Android - USA | D19: nsfw | E19: 0.67291667 | F19: In-Stream Video | G19: TJX | H19: mobile | I19: GEO,Frequency,Keyword,OS,BrowserLanguage | J19: 117 | K19: 0 | L19: No | M19: 100 | N19: 0 | O19: 0 | P19: 0 | R19: 0 | S19: 0 | T19: 0 | U19: 0 | V19: 1 | W19: 0 | X19: Yes | AB19: Bin | AC19: =LEFT(C19,2) -> CP | AD19: =_xlfn.XLOOKUP(C19,Mapping!A:A,Mapping!D:D,0,0) -> Bin | AE19: =IFERROR(IF(SEARCH("_TJ",C19)>0,"TJ",NA()),IFERROR(IF(SEARCH("_JB",C19)>0,"JB",NA()),"OLD")) -> OLD
A20: PAUSED | B20: 1011813302 | C20: CPA - Furry - Video-IS - Android - USA - BROKEN | D20: nsfw | E20: 0.67291667 | F20: In-Stream Video | G20: TJX | H20: mobile | I20: GEO,Frequency,Keyword,OS,BrowserLanguage | J20: 308 | K20: 0 | L20: Yes | M20: Unlimited | N20: 0 | O20: 0 | P20: 0 | R20: 0 | S20: 0 | T20: 0 | U20: 0 | V20: 1 | W20: 0 | X20: Yes | AB20: Bin | AC20: =LEFT(C20,2) -> CP | AD20: =_xlfn.XLOOKUP(C20,Mapping!A:A,Mapping!D:D,0,0) -> Bin | AE20: =IFERROR(IF(SEARCH("_TJ",C20)>0,"TJ",NA()),IFERROR(IF(SEARCH("_JB",C20)>0,"JB",NA()),"OLD")) -> OLD
A21: PAUSED | B21: 1011813312 | C21: CPA - Cosplay - Video-IS - Android - USA | D21: nsfw | E21: 0.67291667 | F21: In-Stream Video | G21: TJX | H21: mobile | I21: GEO,Frequency,Keyword,OS,BrowserLanguage | J21: 658 | K21: 0 | L21: Yes | M21: Unlimited | N21: 0 | O21: 0 | P21: 0 | R21: 0 | S21: 0 | T21: 0 | U21: 0 | V21: 1 | W21: 0 | X21: Yes | AB21: Bin | AC21: =LEFT(C21,2) -> CP | AD21: =_xlfn.XLOOKUP(C21,Mapping!A:A,Mapping!D:D,0,0) -> Bin | AE21: =IFERROR(IF(SEARCH("_TJ",C21)>0,"TJ",NA()),IFERROR(IF(SEARCH("_JB",C21)>0,"JB",NA()),"OLD")) -> OLD
A22: PAUSED | B22: 1011813322 | C22: CPA - Massage - Video-IS - Android - USA | D22: nsfw | E22: 0.67291667 | F22: In-Stream Video | G22: TJX | H22: mobile | I22: GEO,Frequency,Keyword,OS,BrowserLanguage | J22: 64 | K22: 0 | L22: No | M22: 100 | N22: 0 | O22: 0 | P22: 0 | R22: 0 | S22: 0 | T22: 0 | U22: 0 | V22: 1 | W22: 0 | X22: Yes | AB22: Bin | AC22: =LEFT(C22,2) -> CP | AD22: =_xlfn.XLOOKUP(C22,Mapping!A:A,Mapping!D:D,0,0) -> Bin | AE22: =IFERROR(IF(SEARCH("_TJ",C22)>0,"TJ",NA()),IFERROR(IF(SEARCH("_JB",C22)>0,"JB",NA()),"OLD")) -> OLD
A23: PAUSED | B23: 1011813332 | C23: CPA - JOI - Video-IS - Android - USA | D23: nsfw | E23: 0.67291667 | F23: In-Stream Video | G23: TJX | H23: mobile | I23: GEO,Frequency,Keyword,OS,BrowserLanguage | J23: 80 | K23: 0 | L23: Yes | M23: Unlimited | N23: 0 | O23: 0 | P23: 0 | R23: 0 | S23: 0 | T23: 0 | U23: 0 | V23: 1 | W23: 0 | X23: Yes | AB23: Bin | AC23: =LEFT(C23,2) -> CP | AD23: =_xlfn.XLOOKUP(C23,Mapping!A:A,Mapping!D:D,0,0) -> Bin | AE23: =IFERROR(IF(SEARCH("_TJ",C23)>0,"TJ",NA()),IFERROR(IF(SEARCH("_JB",C23)>0,"JB",NA()),"OLD")) -> OLD
A24: PAUSED | B24: 1011813342 | C24: CPA - Japanese - Video-IS - Android - USA | D24: nsfw | E24: 0.67291667 | F24: In-Stream Video | G24: TJX | H24: mobile | I24: GEO,Frequency,Keyword,OS,BrowserLanguage | J24: 117 | K24: 0 | L24: No | M24: 100 | N24: 0 | O24: 0 | P24: 0 | R24: 0 | S24: 0 | T24: 0 | U24: 0 | V24: 1 | W24: 0 | X24: Yes | AB24: Bin | AC24: =LEFT(C24,2) -> CP | AD24: =_xlfn.XLOOKUP(C24,Mapping!A:A,Mapping!D:D,0,0) -> Bin | AE24: =IFERROR(IF(SEARCH("_TJ",C24)>0,"TJ",NA()),IFERROR(IF(SEARCH("_JB",C24)>0,"JB",NA()),"OLD")) -> OLD
A25: PAUSED | B25: 1011813352 | C25: CPA - AI - Video-IS - Desktop - Mexico | D25: nsfw | E25: 0.67291667 | F25: In-Stream Video | G25: TJX | H25: desktop | I25: GEO,Frequency,BrowserLanguage,Segment | J25: 215 | K25: 0 | L25: Yes | M25: Unlimited | N25: 0 | O25: 0 | P25: 0 | R25: 0 | S25: 0 | T25: 0 | U25: 0 | V25: 1 | W25: 0 | X25: Yes | AB25: Bin | AC25: =LEFT(C25,2) -> CP | AD25: =_xlfn.XLOOKUP(C25,Mapping!A:A,Mapping!D:D,0,0) -> Bin | AE25: =IFERROR(IF(SEARCH("_TJ",C25)>0,"TJ",NA()),IFERROR(IF(SEARCH("_JB",C25)>0,"JB",NA()),"OLD")) -> OLD
A26: PAUSED | B26: 1011813362 | C26: CPA - AI - Video-IS - iOS - Mexico | D26: nsfw | E26: 0.67291667 | F26: In-Stream Video | G26: TJX | H26: mobile | I26: GEO,Frequency,OS,BrowserLanguage,Segment | J26: 539 | K26: 0 | L26: Yes | M26: Unlimited | N26: 0 | O26: 0 | P26: 0 | R26: 0 | S26: 0 | T26: 0 | U26: 0 | V26: 1 | W26: 0 | X26: Yes | AB26: Bin | AC26: =LEFT(C26,2) -> CP | AD26: =_xlfn.XLOOKUP(C26,Mapping!A:A,Mapping!D:D,0,0) -> Bin | AE26: =IFERROR(IF(SEARCH("_TJ",C26)>0,"TJ",NA()),IFERROR(IF(SEARCH("_JB",C26)>0,"JB",NA()),"OLD")) -> OLD
A27: PAUSED | B27: 1011813372 | C27: CPA - AI - Video-IS - excl. iOS - Mexico | D27: nsfw | E27: 0.67291667 | F27: In-Stream Video | G27: TJX | H27: mobile | I27: GEO,Frequency,OS,BrowserLanguage,Segment | J27: 539 | K27: 0 | L27: Yes | M27: Unlimited | N27: 0 | O27: 0 | P27: 0 | R27: 0 | S27: 0 | T27: 0 | U27: 0 | V27: 1 | W27: 0 | X27: Yes | AB27: Bin | AC27: =LEFT(C27,2) -> CP | AD27: =_xlfn.XLOOKUP(C27,Mapping!A:A,Mapping!D:D,0,0) -> Bin | AE27: =IFERROR(IF(SEARCH("_TJ",C27)>0,"TJ",NA()),IFERROR(IF(SEARCH("_JB",C27)>0,"JB",NA()),"OLD")) -> OLD
A28: RUNNING | B28: 1011813382 | C28: CPA - AI - Video-IS - excl. iOS - Italy | D28: nsfw | E28: 0.67291667 | F28: In-Stream Video | G28: TJX | H28: mobile | I28: GEO,Frequency,OS,BrowserLanguage,Segment | J28: 539 | K28: 0 | L28: Yes | M28: Unlimited | N28: 1045 | O28: 83 | P28: 7.94258 | Q28: 0 | R28: 4.04 | S28: 3.869 | T28: 0.049 | U28: 0 | V28: 1 | W28: 0 | X28: Yes | Y28: 1045 | Z28: 899 | AA28: 107 | AB28: Bin | AC28: =LEFT(C28,2) -> CP | AD28: =_xlfn.XLOOKUP(C28,Mapping!A:A,Mapping!D:D,0,0) -> AI | AE28: =IFERROR(IF(SEARCH("_TJ",C28)>0,"TJ",NA()),IFERROR(IF(SEARCH("_JB",C28)>0,"JB",NA()),"OLD")) -> OLD
A29: RUNNING | B29: 1011813392 | C29: CPA - AI - Video-IS - iOS - Italy | D29: nsfw | E29: 0.67291667 | F29: In-Stream Video | G29: TJX | H29: mobile | I29: GEO,Frequency,OS,BrowserLanguage,Segment | J29: 539 | K29: 0 | L29: Yes | M29: Unlimited | N29: 812 | O29: 38 | P29: 4.6798 | Q29: 0 | R29: 3.24 | S29: 3.986 | T29: 0.085 | U29: 0 | V29: 1 | W29: 0 | X29: Yes | Y29: 812 | Z29: 708 | AA29: 77 | AB29: Bin | AC29: =LEFT(C29,2) -> CP | AD29: =_xlfn.XLOOKUP(C29,Mapping!A:A,Mapping!D:D,0,0) -> Keyword - Preroll | AE29: =IFERROR(IF(SEARCH("_TJ",C29)>0,"TJ",NA()),IFERROR(IF(SEARCH("_JB",C29)>0,"JB",NA()),"OLD")) -> OLD
A30: PAUSED | B30: 1011813402 | C30: CPA - AI - Video-IS - Desktop - Italy | D30: nsfw | E30: 0.67291667 | F30: In-Stream Video | G30: TJX | H30: desktop | I30: GEO,Frequency,BrowserLanguage,Segment | J30: 240 | K30: 0 | L30: Yes | M30: Unlimited | N30: 0 | O30: 0 | P30: 0 | R30: 0 | S30: 0 | T30: 0 | U30: 0 | V30: 1 | W30: 0 | X30: Yes | AB30: Bin | AC30: =LEFT(C30,2) -> CP | AD30: =_xlfn.XLOOKUP(C30,Mapping!A:A,Mapping!D:D,0,0) -> Bin | AE30: =IFERROR(IF(SEARCH("_TJ",C30)>0,"TJ",NA()),IFERROR(IF(SEARCH("_JB",C30)>0,"JB",NA()),"OLD")) -> OLD
A31: PAUSED | B31: 1011813412 | C31: CPA - AI - Video-IS - Desktop - Japan | D31: nsfw | E31: 0.67291667 | F31: In-Stream Video | G31: TJX | H31: desktop | I31: GEO,Frequency,BrowserLanguage,Segment | J31: 215 | K31: 0 | L31: Yes | M31: Unlimited | N31: 0 | O31: 0 | P31: 0 | R31: 0 | S31: 0 | T31: 0 | U31: 0 | V31: 1 | W31: 0 | X31: Yes | AB31: Bin | AC31: =LEFT(C31,2) -> CP | AD31: =_xlfn.XLOOKUP(C31,Mapping!A:A,Mapping!D:D,0,0) -> Bin | AE31: =IFERROR(IF(SEARCH("_TJ",C31)>0,"TJ",NA()),IFERROR(IF(SEARCH("_JB",C31)>0,"JB",NA()),"OLD")) -> OLD
A32: PAUSED | B32: 1011813422 | C32: CPA - AI - Video-IS - iOS - Japan | D32: nsfw | E32: 0.67291667 | F32: In-Stream Video | G32: TJX | H32: mobile | I32: GEO,Frequency,OS,BrowserLanguage,Segment | J32: 539 | K32: 0 | L32: Yes | M32: Unlimited | N32: 0 | O32: 0 | P32: 0 | R32: 0 | S32: 0 | T32: 0 | U32: 0 | V32: 1 | W32: 0 | X32: Yes | AB32: Bin | AC32: =LEFT(C32,2) -> CP | AD32: =_xlfn.XLOOKUP(C32,Mapping!A:A,Mapping!D:D,0,0) -> Bin | AE32: =IFERROR(IF(SEARCH("_TJ",C32)>0,"TJ",NA()),IFERROR(IF(SEARCH("_JB",C32)>0,"JB",NA()),"OLD")) -> OLD
A33: PAUSED | B33: 1011813432 | C33: CPA - AI - Video-IS - Android - Japan | D33: nsfw | E33: 0.67291667 | F33: In-Stream Video | G33: TJX | H33: mobile | I33: GEO,Frequency,OS,BrowserLanguage,Segment | J33: 539 | K33: 0 | L33: Yes | M33: Unlimited | N33: 0 | O33: 0 | P33: 0 | R33: 0 | S33: 0 | T33: 0 | U33: 0 | V33: 1 | W33: 0 | X33: Yes | AB33: Bin | AC33: =LEFT(C33,2) -> CP | AD33: =_xlfn.XLOOKUP(C33,Mapping!A:A,Mapping!D:D,0,0) -> Bin | AE33: =IFERROR(IF(SEARCH("_TJ",C33)>0,"TJ",NA()),IFERROR(IF(SEARCH("_JB",C33)>0,"JB",NA()),"OLD")) -> OLD
A34: PAUSED | B34: 1011822352 | C34: CPA - AI - Shorties - Android - USA | D34: nsfw | E34: 0.38611111 | F34: In-Stream Video | G34: TJX | H34: mobile | I34: GEO,Frequency,OS,BrowserLanguage,Segment | J34: 2 | K34: 0 | L34: Yes | M34: Unlimited | N34: 0 | O34: 0 | P34: 0 | R34: 0 | S34: 0 | T34: 0 | U34: 0 | V34: 1 | W34: 0 | X34: Yes | AB34: Bin | AC34: =LEFT(C34,2) -> CP | AD34: =_xlfn.XLOOKUP(C34,Mapping!A:A,Mapping!D:D,0,0) -> Bin | AE34: =IFERROR(IF(SEARCH("_TJ",C34)>0,"TJ",NA()),IFERROR(IF(SEARCH("_JB",C34)>0,"JB",NA()),"OLD")) -> OLD
A35: PAUSED | B35: 1011822362 | C35: CPA - AI - Shorties - iOS - USA | D35: nsfw | E35: 0.38611111 | F35: In-Stream Video | G35: TJX | H35: mobile | I35: GEO,Frequency,OS,BrowserLanguage,Segment | J35: 2 | K35: 0 | L35: Yes | M35: Unlimited | N35: 0 | O35: 0 | P35: 0 | R35: 0 | S35: 0 | T35: 0 | U35: 0 | V35: 1 | W35: 0 | X35: Yes | AB35: Bin | AC35: =LEFT(C35,2) -> CP | AD35: =_xlfn.XLOOKUP(C35,Mapping!A:A,Mapping!D:D,0,0) -> Bin | AE35: =IFERROR(IF(SEARCH("_TJ",C35)>0,"TJ",NA()),IFERROR(IF(SEARCH("_JB",C35)>0,"JB",NA()),"OLD")) -> OLD
A36: PAUSED | B36: 1011822372 | C36: CPA - AI - Shorties - iOS - Aus | D36: nsfw | E36: 0.38611111 | F36: In-Stream Video | G36: TJX | H36: mobile | I36: GEO,Frequency,OS,BrowserLanguage,Segment | J36: 2 | K36: 0 | L36: Yes | M36: Unlimited | N36: 0 | O36: 0 | P36: 0 | R36: 0 | S36: 0 | T36: 0 | U36: 0 | V36: 1 | W36: 0 | X36: Yes | AB36: Bin | AC36: =LEFT(C36,2) -> CP | AD36: =_xlfn.XLOOKUP(C36,Mapping!A:A,Mapping!D:D,0,0) -> Bin | AE36: =IFERROR(IF(SEARCH("_TJ",C36)>0,"TJ",NA()),IFERROR(IF(SEARCH("_JB",C36)>0,"JB",NA()),"OLD")) -> OLD
A37: PAUSED | B37: 1011822382 | C37: CPA - AI - Shorties - Android - Aus | D37: nsfw | E37: 0.38611111 | F37: In-Stream Video | G37: TJX | H37: mobile | I37: GEO,Frequency,OS,BrowserLanguage,Segment | J37: 2 | K37: 0 | L37: Yes | M37: Unlimited | N37: 0 | O37: 0 | P37: 0 | R37: 0 | S37: 0 | T37: 0 | U37: 0 | V37: 1 | W37: 0 | X37: Yes | AB37: Bin | AC37: =LEFT(C37,2) -> CP | AD37: =_xlfn.XLOOKUP(C37,Mapping!A:A,Mapping!D:D,0,0) -> Bin | AE37: =IFERROR(IF(SEARCH("_TJ",C37)>0,"TJ",NA()),IFERROR(IF(SEARCH("_JB",C37)>0,"JB",NA()),"OLD")) -> OLD
A38: PAUSED | B38: 1011822392 | C38: CPA - JOI - Video-IS - iOS - USA | D38: nsfw | E38: 0.67291667 | F38: In-Stream Video | G38: TJX | H38: mobile | I38: GEO,Frequency,Keyword,OS,BrowserLanguage | J38: 72 | K38: 0 | L38: No | M38: 100 | N38: 0 | O38: 0 | P38: 0 | R38: 0 | S38: 0 | T38: 0 | U38: 0 | V38: 1 | W38: 0 | X38: Yes | AB38: Bin | AC38: =LEFT(C38,2) -> CP | AD38: =_xlfn.XLOOKUP(C38,Mapping!A:A,Mapping!D:D,0,0) -> Bin | AE38: =IFERROR(IF(SEARCH("_TJ",C38)>0,"TJ",NA()),IFERROR(IF(SEARCH("_JB",C38)>0,"JB",NA()),"OLD")) -> OLD
A39: PAUSED | B39: 1011822412 | C39: CPA - JOI - Video-IS - Desktop - USA - BROKEN | D39: nsfw | E39: 0.67291667 | F39: In-Stream Video | G39: TJX | H39: desktop | I39: GEO,Frequency,Keyword,BrowserLanguage | J39: 140 | K39: 0 | L39: Yes | M39: Unlimited | N39: 0 | O39: 0 | P39: 0 | R39: 0 | S39: 0 | T39: 0 | U39: 0 | V39: 1 | W39: 0 | X39: Yes | AB39: Bin | AC39: =LEFT(C39,2) -> CP | AD39: =_xlfn.XLOOKUP(C39,Mapping!A:A,Mapping!D:D,0,0) -> Bin | AE39: =IFERROR(IF(SEARCH("_TJ",C39)>0,"TJ",NA()),IFERROR(IF(SEARCH("_JB",C39)>0,"JB",NA()),"OLD")) -> OLD
A40: PAUSED | B40: 1011822422 | C40: CPA - JOI - Video-IS - Android - Aus | D40: nsfw | E40: 0.67291667 | F40: In-Stream Video | G40: TJX | H40: mobile | I40: GEO,Frequency,Keyword,OS,BrowserLanguage | J40: 468 | K40: 0 | L40: Yes | M40: Unlimited | N40: 0 | O40: 0 | P40: 0 | R40: 0 | S40: 0 | T40: 0 | U40: 0 | V40: 1 | W40: 0 | X40: Yes | AB40: Bin | AC40: =LEFT(C40,2) -> CP | AD40: =_xlfn.XLOOKUP(C40,Mapping!A:A,Mapping!D:D,0,0) -> Bin | AE40: =IFERROR(IF(SEARCH("_TJ",C40)>0,"TJ",NA()),IFERROR(IF(SEARCH("_JB",C40)>0,"JB",NA()),"OLD")) -> OLD
A41: PAUSED | B41: 1011822432 | C41: CPA - JOI - Video-IS - iOS - Aus | D41: nsfw | E41: 0.67291667 | F41: In-Stream Video | G41: TJX | H41: mobile | I41: GEO,Frequency,Keyword,BrowserLanguage | J41: 468 | K41: 0 | L41: Yes | M41: Unlimited | N41: 0 | O41: 0 | P41: 0 | R41: 0 | S41: 0 | T41: 0 | U41: 0 | V41: 1 | W41: 0 | X41: Yes | AB41: Bin | AC41: =LEFT(C41,2) -> CP | AD41: =_xlfn.XLOOKUP(C41,Mapping!A:A,Mapping!D:D,0,0) -> Bin | AE41: =IFERROR(IF(SEARCH("_TJ",C41)>0,"TJ",NA()),IFERROR(IF(SEARCH("_JB",C41)>0,"JB",NA()),"OLD")) -> OLD
A42: PAUSED | B42: 1011822442 | C42: CPA - JOI - Video-IS - Desktop - Aus | D42: nsfw | E42: 0.67291667 | F42: In-Stream Video | G42: TJX | H42: desktop | I42: GEO,Frequency,Keyword,BrowserLanguage | J42: 88 | K42: 0 | L42: No | M42: 500 | N42: 0 | O42: 0 | P42: 0 | R42: 0 | S42: 0 | T42: 0 | U42: 0 | V42: 1 | W42: 0 | X42: Yes | AB42: Bin | AC42: =LEFT(C42,2) -> CP | AD42: =_xlfn.XLOOKUP(C42,Mapping!A:A,Mapping!D:D,0,0) -> Bin | AE42: =IFERROR(IF(SEARCH("_TJ",C42)>0,"TJ",NA()),IFERROR(IF(SEARCH("_JB",C42)>0,"JB",NA()),"OLD")) -> OLD
A43: PAUSED | B43: 1011822452 | C43: CPA - JOI - Video-IS - Desktop - UK | D43: nsfw | E43: 0.67291667 | F43: In-Stream Video | G43: TJX | H43: desktop | I43: GEO,Frequency,Keyword,BrowserLanguage | J43: 88 | K43: 0 | L43: No | M43: 500 | N43: 0 | O43: 0 | P43: 0 | R43: 0 | S43: 0 | T43: 0 | U43: 0 | V43: 1 | W43: 0 | X43: Yes | AB43: Bin | AC43: =LEFT(C43,2) -> CP | AD43: =_xlfn.XLOOKUP(C43,Mapping!A:A,Mapping!D:D,0,0) -> Bin | AE43: =IFERROR(IF(SEARCH("_TJ",C43)>0,"TJ",NA()),IFERROR(IF(SEARCH("_JB",C43)>0,"JB",NA()),"OLD")) -> OLD
A44: PAUSED | B44: 1011822462 | C44: CPA - JOI - Video-IS - iOS - UK | D44: nsfw | E44: 0.67291667 | F44: In-Stream Video | G44: TJX | H44: mobile | I44: GEO,Frequency,Keyword,BrowserLanguage | J44: 72 | K44: 0 | L44: No | M44: 100 | N44: 0 | O44: 0 | P44: 0 | R44: 0 | S44: 0 | T44: 0 | U44: 0 | V44: 1 | W44: 0 | X44: Yes | AB44: Bin | AC44: =LEFT(C44,2) -> CP | AD44: =_xlfn.XLOOKUP(C44,Mapping!A:A,Mapping!D:D,0,0) -> Bin | AE44: =IFERROR(IF(SEARCH("_TJ",C44)>0,"TJ",NA()),IFERROR(IF(SEARCH("_JB",C44)>0,"JB",NA()),"OLD")) -> OLD
A45: PAUSED | B45: 1011822472 | C45: CPA - JOI - Video-IS - Android - UK | D45: nsfw | E45: 0.67291667 | F45: In-Stream Video | G45: TJX | H45: mobile | I45: GEO,Frequency,Keyword,OS,BrowserLanguage | J45: 468 | K45: 0 | L45: Yes | M45: Unlimited | N45: 0 | O45: 0 | P45: 0 | R45: 0 | S45: 0 | T45: 0 | U45: 0 | V45: 1 | W45: 0 | X45: Yes | AB45: Bin | AC45: =LEFT(C45,2) -> CP | AD45: =_xlfn.XLOOKUP(C45,Mapping!A:A,Mapping!D:D,0,0) -> Bin | AE45: =IFERROR(IF(SEARCH("_TJ",C45)>0,"TJ",NA()),IFERROR(IF(SEARCH("_JB",C45)>0,"JB",NA()),"OLD")) -> OLD
A46: PAUSED | B46: 1011822482 | C46: CPA - JOI - Video-IS - Desktop - Canada | D46: nsfw | E46: 0.67291667 | F46: In-Stream Video | G46: TJX | H46: desktop | I46: GEO,Frequency,Keyword,BrowserLanguage | J46: 268 | K46: 0 | L46: Yes | M46: Unlimited | N46: 0 | O46: 0 | P46: 0 | R46: 0 | S46: 0 | T46: 0 | U46: 0 | V46: 1 | W46: 0 | X46: Yes | AB46: Bin | AC46: =LEFT(C46,2) -> CP | AD46: =_xlfn.XLOOKUP(C46,Mapping!A:A,Mapping!D:D,0,0) -> Bin | AE46: =IFERROR(IF(SEARCH("_TJ",C46)>0,"TJ",NA()),IFERROR(IF(SEARCH("_JB",C46)>0,"JB",NA()),"OLD")) -> OLD
A47: PAUSED | B47: 1011822492 | C47: CPA - JOI - Video-IS - iOS - Canada | D47: nsfw | E47: 0.67291667 | F47: In-Stream Video | G47: TJX | H47: mobile | I47: GEO,Frequency,Keyword,BrowserLanguage | J47: 72 | K47: 0 | L47: Yes | M47: Unlimited | N47: 0 | O47: 0 | P47: 0 | R47: 0 | S47: 0 | T47: 0 | U47: 0 | V47: 1 | W47: 0 | X47: Yes | AB47: Bin | AC47: =LEFT(C47,2) -> CP | AD47: =_xlfn.XLOOKUP(C47,Mapping!A:A,Mapping!D:D,0,0) -> Bin | AE47: =IFERROR(IF(SEARCH("_TJ",C47)>0,"TJ",NA()),IFERROR(IF(SEARCH("_JB",C47)>0,"JB",NA()),"OLD")) -> OLD
A48: PAUSED | B48: 1011822502 | C48: CPA - JOI - Video-IS - Android - Canada - BROKEN | D48: nsfw | E48: 0.67291667 | F48: In-Stream Video | G48: TJX | H48: mobile | I48: GEO,Frequency,Keyword,OS,BrowserLanguage | J48: 308 | K48: 0 | L48: Yes | M48: Unlimited | N48: 0 | O48: 0 | P48: 0 | R48: 0 | S48: 0 | T48: 0 | U48: 0 | V48: 1 | W48: 0 | X48: Yes | AB48: Bin | AC48: =LEFT(C48,2) -> CP | AD48: =_xlfn.XLOOKUP(C48,Mapping!A:A,Mapping!D:D,0,0) -> Bin | AE48: =IFERROR(IF(SEARCH("_TJ",C48)>0,"TJ",NA()),IFERROR(IF(SEARCH("_JB",C48)>0,"JB",NA()),"OLD")) -> OLD
A49: PAUSED | B49: 1011822512 | C49: CPA - Furry - Video-IS - iOS - USA | D49: nsfw | E49: 0.67291667 | F49: In-Stream Video | G49: TJX | H49: mobile | I49: GEO,Frequency,Keyword,OS,BrowserLanguage | J49: 126 | K49: 0 | L49: Yes | M49: Unlimited | N49: 0 | O49: 0 | P49: 0 | R49: 0 | S49: 0 | T49: 0 | U49: 0 | V49: 1 | W49: 0 | X49: Yes | AB49: Bin | AC49: =LEFT(C49,2) -> CP | AD49: =_xlfn.XLOOKUP(C49,Mapping!A:A,Mapping!D:D,0,0) -> Keyword - Preroll | AE49: =IFERROR(IF(SEARCH("_TJ",C49)>0,"TJ",NA()),IFERROR(IF(SEARCH("_JB",C49)>0,"JB",NA()),"OLD")) -> OLD
A50: RUNNING | B50: 1011822522 | C50: CPA - Furry - Video-IS - Desktop - USA | D50: nsfw | E50: 0.67291667 | F50: In-Stream Video | G50: TJX | H50: desktop | I50: GEO,Frequency,Keyword,BrowserLanguage | J50: 65 | K50: 0 | L50: Yes | M50: Unlimited | N50: 16659 | O50: 898 | P50: 5.39048 | Q50: 2 | R50: 46.87 | S50: 2.814 | T50: 0.052 | U50: 23.435 | V50: 1 | W50: 0 | X50: Yes | Y50: 16659 | Z50: 12323 | AA50: 1934 | AB50: Furry | AC50: =LEFT(C50,2) -> CP | AD50: =_xlfn.XLOOKUP(C50,Mapping!A:A,Mapping!D:D,0,0) -> Furry | AE50: =IFERROR(IF(SEARCH("_TJ",C50)>0,"TJ",NA()),IFERROR(IF(SEARCH("_JB",C50)>0,"JB",NA()),"OLD")) -> OLD
A51: PAUSED | B51: 1011822532 | C51: CPA - Furry - Video-IS - Desktop - Canada | D51: nsfw | E51: 0.67291667 | F51: In-Stream Video | G51: TJX | H51: desktop | I51: GEO,Frequency,Keyword,BrowserLanguage | J51: 273 | K51: 0 | L51: Yes | M51: Unlimited | N51: 0 | O51: 0 | P51: 0 | R51: 0 | S51: 0 | T51: 0 | U51: 0 | V51: 1 | W51: 0 | X51: Yes | AB51: Bin | AC51: =LEFT(C51,2) -> CP | AD51: =_xlfn.XLOOKUP(C51,Mapping!A:A,Mapping!D:D,0,0) -> Keyword - Preroll | AE51: =IFERROR(IF(SEARCH("_TJ",C51)>0,"TJ",NA()),IFERROR(IF(SEARCH("_JB",C51)>0,"JB",NA()),"OLD")) -> OLD
A52: PAUSED | B52: 1011822542 | C52: CPA - Furry - Video-IS - iOS - Canada - BROKEN | D52: nsfw | E52: 0.67291667 | F52: In-Stream Video | G52: TJX | H52: mobile | I52: GEO,Frequency,Keyword,OS,BrowserLanguage | J52: 308 | K52: 0 | L52: Yes | M52: Unlimited | N52: 0 | O52: 0 | P52: 0 | R52: 0 | S52: 0 | T52: 0 | U52: 0 | V52: 1 | W52: 0 | X52: Yes | AB52: Bin | AC52: =LEFT(C52,2) -> CP | AD52: =_xlfn.XLOOKUP(C52,Mapping!A:A,Mapping!D:D,0,0) -> Bin | AE52: =IFERROR(IF(SEARCH("_TJ",C52)>0,"TJ",NA()),IFERROR(IF(SEARCH("_JB",C52)>0,"JB",NA()),"OLD")) -> OLD
A53: PAUSED | B53: 1011822552 | C53: CPA - Furry - Video-IS - Android - Canada | D53: nsfw | E53: 0.67291667 | F53: In-Stream Video | G53: TJX | H53: mobile | I53: GEO,Frequency,Keyword,OS,BrowserLanguage | J53: 126 | K53: 0 | L53: No | M53: 100 | N53: 0 | O53: 0 | P53: 0 | R53: 0 | S53: 0 | T53: 0 | U53: 0 | V53: 1 | W53: 0 | X53: Yes | AB53: Bin | AC53: =LEFT(C53,2) -> CP | AD53: =_xlfn.XLOOKUP(C53,Mapping!A:A,Mapping!D:D,0,0) -> Bin | AE53: =IFERROR(IF(SEARCH("_TJ",C53)>0,"TJ",NA()),IFERROR(IF(SEARCH("_JB",C53)>0,"JB",NA()),"OLD")) -> OLD
A54: PAUSED | B54: 1011822562 | C54: CPAa - Furry - Video-IS - Desktop - Aus | D54: nsfw | E54: 0.67291667 | F54: In-Stream Video | G54: TJX | H54: desktop | I54: GEO,Frequency,Keyword,BrowserLanguage | J54: 273 | K54: 0 | L54: Yes | M54: Unlimited | N54: 0 | O54: 0 | P54: 0 | R54: 0 | S54: 0 | T54: 0 | U54: 0 | V54: 1 | W54: 0 | X54: Yes | AB54: Bin | AC54: =LEFT(C54,2) -> CP | AD54: =_xlfn.XLOOKUP(C54,Mapping!A:A,Mapping!D:D,0,0) -> Bin | AE54: =IFERROR(IF(SEARCH("_TJ",C54)>0,"TJ",NA()),IFERROR(IF(SEARCH("_JB",C54)>0,"JB",NA()),"OLD")) -> OLD
A55: PAUSED | B55: 1011822572 | C55: CPA - Furry - Video-IS - iOS - Aus | D55: nsfw | E55: 0.67291667 | F55: In-Stream Video | G55: TJX | H55: mobile | I55: GEO,Frequency,Keyword,OS,BrowserLanguage | J55: 522 | K55: 0 | L55: Yes | M55: Unlimited | N55: 0 | O55: 0 | P55: 0 | R55: 0 | S55: 0 | T55: 0 | U55: 0 | V55: 1 | W55: 0 | X55: Yes | AB55: Bin | AC55: =LEFT(C55,2) -> CP | AD55: =_xlfn.XLOOKUP(C55,Mapping!A:A,Mapping!D:D,0,0) -> Keyword - Preroll | AE55: =IFERROR(IF(SEARCH("_TJ",C55)>0,"TJ",NA()),IFERROR(IF(SEARCH("_JB",C55)>0,"JB",NA()),"OLD")) -> OLD
A56: PAUSED | B56: 1011822582 | C56: CPA - Furry - Video-IS - Android - Aus | D56: nsfw | E56: 0.67291667 | F56: In-Stream Video | G56: TJX | H56: mobile | I56: GEO,Frequency,Keyword,OS,BrowserLanguage | J56: 126 | K56: 0 | L56: No | M56: 100 | N56: 0 | O56: 0 | P56: 0 | R56: 0 | S56: 0 | T56: 0 | U56: 0 | V56: 1 | W56: 0 | X56: Yes | AB56: Bin | AC56: =LEFT(C56,2) -> CP | AD56: =_xlfn.XLOOKUP(C56,Mapping!A:A,Mapping!D:D,0,0) -> Bin | AE56: =IFERROR(IF(SEARCH("_TJ",C56)>0,"TJ",NA()),IFERROR(IF(SEARCH("_JB",C56)>0,"JB",NA()),"OLD")) -> OLD
A57: PAUSED | B57: 1011822592 | C57: CPA - Furry - Video-IS - Desktop - UK | D57: nsfw | E57: 0.67291667 | F57: In-Stream Video | G57: TJX | H57: desktop | I57: GEO,Frequency,Keyword,BrowserLanguage | J57: 273 | K57: 0 | L57: Yes | M57: Unlimited | N57: 0 | O57: 0 | P57: 0 | R57: 0 | S57: 0 | T57: 0 | U57: 0 | V57: 1 | W57: 0 | X57: Yes | AB57: Bin | AC57: =LEFT(C57,2) -> CP | AD57: =_xlfn.XLOOKUP(C57,Mapping!A:A,Mapping!D:D,0,0) -> Keyword - Preroll | AE57: =IFERROR(IF(SEARCH("_TJ",C57)>0,"TJ",NA()),IFERROR(IF(SEARCH("_JB",C57)>0,"JB",NA()),"OLD")) -> OLD
A58: PAUSED | B58: 1011822602 | C58: CPA - Furry - Video-IS - iOS - UK | D58: nsfw | E58: 0.67291667 | F58: In-Stream Video | G58: TJX | H58: mobile | I58: GEO,Frequency,Keyword,OS,BrowserLanguage | J58: 522 | K58: 0 | L58: Yes | M58: Unlimited | N58: 0 | O58: 0 | P58: 0 | R58: 0 | S58: 0 | T58: 0 | U58: 0 | V58: 1 | W58: 0 | X58: Yes | AB58: Bin | AC58: =LEFT(C58,2) -> CP | AD58: =_xlfn.XLOOKUP(C58,Mapping!A:A,Mapping!D:D,0,0) -> Bin | AE58: =IFERROR(IF(SEARCH("_TJ",C58)>0,"TJ",NA()),IFERROR(IF(SEARCH("_JB",C58)>0,"JB",NA()),"OLD")) -> OLD
A59: PAUSED | B59: 1011822612 | C59: CPA - Furry - Video-IS - Android - UK | D59: nsfw | E59: 0.67291667 | F59: In-Stream Video | G59: TJX | H59: mobile | I59: GEO,Frequency,Keyword,OS,BrowserLanguage | J59: 126 | K59: 0 | L59: No | M59: 100 | N59: 0 | O59: 0 | P59: 0 | R59: 0 | S59: 0 | T59: 0 | U59: 0 | V59: 1 | W59: 0 | X59: Yes | AB59: Bin | AC59: =LEFT(C59,2) -> CP | AD59: =_xlfn.XLOOKUP(C59,Mapping!A:A,Mapping!D:D,0,0) -> Bin | AE59: =IFERROR(IF(SEARCH("_TJ",C59)>0,"TJ",NA()),IFERROR(IF(SEARCH("_JB",C59)>0,"JB",NA()),"OLD")) -> OLD
A60: PAUSED | B60: 1011822642 | C60: CPA - VTuber - Video-IS - iOS - USA | D60: nsfw | E60: 0.67291667 | F60: In-Stream Video | G60: TJX | H60: mobile | I60: GEO,Frequency,Keyword,OS,BrowserLanguage | J60: 616 | K60: 0 | L60: Yes | M60: Unlimited | N60: 0 | O60: 0 | P60: 0 | R60: 0 | S60: 0 | T60: 0 | U60: 0 | V60: 1 | W60: 0 | X60: Yes | AB60: Bin | AC60: =LEFT(C60,2) -> CP | AD60: =_xlfn.XLOOKUP(C60,Mapping!A:A,Mapping!D:D,0,0) -> Bin | AE60: =IFERROR(IF(SEARCH("_TJ",C60)>0,"TJ",NA()),IFERROR(IF(SEARCH("_JB",C60)>0,"JB",NA()),"OLD")) -> OLD
A61: PAUSED | B61: 1011822652 | C61: CPA - Compilation - Video-IS - iOS - USA | D61: nsfw | E61: 0.67291667 | F61: In-Stream Video | G61: TJX | H61: mobile | I61: GEO,Frequency,Keyword,OS,BrowserLanguage | J61: 616 | K61: 0 | L61: No | M61: 200 | N61: 0 | O61: 0 | P61: 0 | R61: 0 | S61: 0 | T61: 0 | U61: 0 | V61: 1 | W61: 0 | X61: Yes | AB61: Bin | AC61: =LEFT(C61,2) -> CP | AD61: =_xlfn.XLOOKUP(C61,Mapping!A:A,Mapping!D:D,0,0) -> Bin | AE61: =IFERROR(IF(SEARCH("_TJ",C61)>0,"TJ",NA()),IFERROR(IF(SEARCH("_JB",C61)>0,"JB",NA()),"OLD")) -> OLD
A62: PAUSED | B62: 1011822662 | C62: CPA - Cuck - Video-IS - iOS - USA | D62: nsfw | E62: 0.67291667 | F62: In-Stream Video | G62: TJX | H62: mobile | I62: GEO,Frequency,Keyword,OS,BrowserLanguage | J62: 220 | K62: 0 | L62: No | M62: 200 | N62: 0 | O62: 0 | P62: 0 | R62: 0 | S62: 0 | T62: 0 | U62: 0 | V62: 1 | W62: 0 | X62: Yes | AB62: Bin | AC62: =LEFT(C62,2) -> CP | AD62: =_xlfn.XLOOKUP(C62,Mapping!A:A,Mapping!D:D,0,0) -> Bin | AE62: =IFERROR(IF(SEARCH("_TJ",C62)>0,"TJ",NA()),IFERROR(IF(SEARCH("_JB",C62)>0,"JB",NA()),"OLD")) -> OLD
A63: PAUSED | B63: 1011822672 | C63: CPA - Gaming - Video-IS - iOS - USA | D63: nsfw | E63: 0.67291667 | F63: In-Stream Video | G63: TJX | H63: mobile | I63: GEO,Frequency,Keyword,OS,BrowserLanguage | J63: 220 | K63: 0 | L63: Yes | M63: Unlimited | N63: 0 | O63: 0 | P63: 0 | R63: 0 | S63: 0 | T63: 0 | U63: 0 | V63: 1 | W63: 0 | X63: Yes | AB63: Bin | AC63: =LEFT(C63,2) -> CP | AD63: =_xlfn.XLOOKUP(C63,Mapping!A:A,Mapping!D:D,0,0) -> Bin | AE63: =IFERROR(IF(SEARCH("_TJ",C63)>0,"TJ",NA()),IFERROR(IF(SEARCH("_JB",C63)>0,"JB",NA()),"OLD")) -> OLD
A64: PAUSED | B64: 1011822682 | C64: CPA - POV - Video-IS - iOS - USA | D64: nsfw | E64: 0.67291667 | F64: In-Stream Video | G64: TJX | H64: mobile | I64: GEO,Frequency,Keyword,OS,BrowserLanguage | J64: 220 | K64: 0 | L64: No | M64: 200 | N64: 0 | O64: 0 | P64: 0 | R64: 0 | S64: 0 | T64: 0 | U64: 0 | V64: 1 | W64: 0 | X64: Yes | AB64: Bin | AC64: =LEFT(C64,2) -> CP | AD64: =_xlfn.XLOOKUP(C64,Mapping!A:A,Mapping!D:D,0,0) -> Bin | AE64: =IFERROR(IF(SEARCH("_TJ",C64)>0,"TJ",NA()),IFERROR(IF(SEARCH("_JB",C64)>0,"JB",NA()),"OLD")) -> OLD
A65: PAUSED | B65: 1011822692 | C65: CPA - Romantic - Video-IS - iOS - USA | D65: nsfw | E65: 0.67291667 | F65: In-Stream Video | G65: TJX | H65: mobile | I65: GEO,Frequency,Keyword,OS,BrowserLanguage | J65: 220 | K65: 0 | L65: Yes | M65: Unlimited | N65: 0 | O65: 0 | P65: 0 | R65: 0 | S65: 0 | T65: 0 | U65: 0 | V65: 1 | W65: 0 | X65: Yes | AB65: Bin | AC65: =LEFT(C65,2) -> CP | AD65: =_xlfn.XLOOKUP(C65,Mapping!A:A,Mapping!D:D,0,0) -> Bin | AE65: =IFERROR(IF(SEARCH("_TJ",C65)>0,"TJ",NA()),IFERROR(IF(SEARCH("_JB",C65)>0,"JB",NA()),"OLD")) -> OLD
A66: PAUSED | B66: 1011822702 | C66: CPA - Roleplay - Video-IS - iOS - USA | D66: nsfw | E66: 0.67291667 | F66: In-Stream Video | G66: TJX | H66: mobile | I66: GEO,Frequency,Keyword,OS,BrowserLanguage | J66: 220 | K66: 0 | L66: No | M66: 200 | N66: 0 | O66: 0 | P66: 0 | R66: 0 | S66: 0 | T66: 0 | U66: 0 | V66: 1 | W66: 0 | X66: Yes | AB66: Bin | AC66: =LEFT(C66,2) -> CP | AD66: =_xlfn.XLOOKUP(C66,Mapping!A:A,Mapping!D:D,0,0) -> Bin | AE66: =IFERROR(IF(SEARCH("_TJ",C66)>0,"TJ",NA()),IFERROR(IF(SEARCH("_JB",C66)>0,"JB",NA()),"OLD")) -> OLD
A67: PAUSED | B67: 1011822712 | C67: CPAa - Fantasy - Video-IS - iOS - USA | D67: nsfw | E67: 0.67291667 | F67: In-Stream Video | G67: TJX | H67: mobile | I67: GEO,Frequency,Keyword,OS,BrowserLanguage | J67: 748 | K67: 0 | L67: Yes | M67: Unlimited | N67: 0 | O67: 0 | P67: 0 | R67: 0 | S67: 0 | T67: 0 | U67: 0 | V67: 1 | W67: 0 | X67: Yes | AB67: Bin | AC67: =LEFT(C67,2) -> CP | AD67: =_xlfn.XLOOKUP(C67,Mapping!A:A,Mapping!D:D,0,0) -> Bin | AE67: =IFERROR(IF(SEARCH("_TJ",C67)>0,"TJ",NA()),IFERROR(IF(SEARCH("_JB",C67)>0,"JB",NA()),"OLD")) -> OLD
A68: PAUSED | B68: 1011822722 | C68: CPA - Webcam - Video-IS - iOS - USA | D68: nsfw | E68: 0.67291667 | F68: In-Stream Video | G68: TJX | H68: mobile | I68: GEO,Frequency,Keyword,OS,BrowserLanguage | J68: 616 | K68: 0 | L68: Yes | M68: Unlimited | N68: 0 | O68: 0 | P68: 0 | R68: 0 | S68: 0 | T68: 0 | U68: 0 | V68: 1 | W68: 0 | X68: Yes | AB68: Bin | AC68: =LEFT(C68,2) -> CP | AD68: =_xlfn.XLOOKUP(C68,Mapping!A:A,Mapping!D:D,0,0) -> Bin | AE68: =IFERROR(IF(SEARCH("_TJ",C68)>0,"TJ",NA()),IFERROR(IF(SEARCH("_JB",C68)>0,"JB",NA()),"OLD")) -> OLD
A69: PAUSED | B69: 1011822732 | C69: CPA - Gameshow - Video-IS - iOS - USA | D69: nsfw | E69: 0.67291667 | F69: In-Stream Video | G69: TJX | H69: mobile | I69: GEO,Frequency,Keyword,OS,BrowserLanguage | J69: 616 | K69: 0 | L69: No | M69: 200 | N69: 0 | O69: 0 | P69: 0 | R69: 0 | S69: 0 | T69: 0 | U69: 0 | V69: 1 | W69: 0 | X69: Yes | AB69: Bin | AC69: =LEFT(C69,2) -> CP | AD69: =_xlfn.XLOOKUP(C69,Mapping!A:A,Mapping!D:D,0,0) -> Bin | AE69: =IFERROR(IF(SEARCH("_TJ",C69)>0,"TJ",NA()),IFERROR(IF(SEARCH("_JB",C69)>0,"JB",NA()),"OLD")) -> OLD
A70: PAUSED | B70: 1011822742 | C70: CPA - Jav - Video-IS - iOS - USA | D70: nsfw | E70: 0.67291667 | F70: In-Stream Video | G70: TJX | H70: mobile | I70: GEO,Frequency,Keyword,OS,BrowserLanguage | J70: 220 | K70: 0 | L70: Yes | M70: Unlimited | N70: 0 | O70: 0 | P70: 0 | R70: 0 | S70: 0 | T70: 0 | U70: 0 | V70: 1 | W70: 0 | X70: Yes | AB70: Bin | AC70: =LEFT(C70,2) -> CP | AD70: =_xlfn.XLOOKUP(C70,Mapping!A:A,Mapping!D:D,0,0) -> Bin | AE70: =IFERROR(IF(SEARCH("_TJ",C70)>0,"TJ",NA()),IFERROR(IF(SEARCH("_JB",C70)>0,"JB",NA()),"OLD")) -> OLD
A71: PAUSED | B71: 1011822762 | C71: CPA - Casting - Video-IS - iOS - USA | D71: nsfw | E71: 0.67291667 | F71: In-Stream Video | G71: TJX | H71: mobile | I71: GEO,Frequency,Keyword,OS,BrowserLanguage | J71: 748 | K71: 0 | L71: Yes | M71: Unlimited | N71: 0 | O71: 0 | P71: 0 | R71: 0 | S71: 0 | T71: 0 | U71: 0 | V71: 1 | W71: 0 | X71: Yes | AB71: Bin | AC71: =LEFT(C71,2) -> CP | AD71: =_xlfn.XLOOKUP(C71,Mapping!A:A,Mapping!D:D,0,0) -> Bin | AE71: =IFERROR(IF(SEARCH("_TJ",C71)>0,"TJ",NA()),IFERROR(IF(SEARCH("_JB",C71)>0,"JB",NA()),"OLD")) -> OLD
A72: PAUSED | B72: 1011822772 | C72: CPA - FinDom - Video-IS - iOS - USA | D72: nsfw | E72: 0.67291667 | F72: In-Stream Video | G72: TJX | H72: mobile | I72: GEO,Frequency,Keyword,OS,BrowserLanguage | J72: 99 | K72: 0 | L72: Yes | M72: Unlimited | N72: 0 | O72: 0 | P72: 0 | R72: 0 | S72: 0 | T72: 0 | U72: 0 | V72: 1 | W72: 0 | X72: Yes | AB72: Archive | AC72: =LEFT(C72,2) -> CP | AD72: =_xlfn.XLOOKUP(C72,Mapping!A:A,Mapping!D:D,0,0) -> Archive | AE72: =IFERROR(IF(SEARCH("_TJ",C72)>0,"TJ",NA()),IFERROR(IF(SEARCH("_JB",C72)>0,"JB",NA()),"OLD")) -> OLD
A73: PAUSED | B73: 1011822782 | C73: CPA - Webcams - Video-IS - iOS - USA | D73: nsfw | E73: 0.67291667 | F73: In-Stream Video | G73: TJX | H73: mobile | I73: GEO,Frequency,Keyword,OS,BrowserLanguage | J73: 220 | K73: 0 | L73: No | M73: 200 | N73: 0 | O73: 0 | P73: 0 | R73: 0 | S73: 0 | T73: 0 | U73: 0 | V73: 1 | W73: 0 | X73: Yes | AB73: Bin | AC73: =LEFT(C73,2) -> CP | AD73: =_xlfn.XLOOKUP(C73,Mapping!A:A,Mapping!D:D,0,0) -> Bin | AE73: =IFERROR(IF(SEARCH("_TJ",C73)>0,"TJ",NA()),IFERROR(IF(SEARCH("_JB",C73)>0,"JB",NA()),"OLD")) -> OLD
A74: PAUSED | B74: 1011822792 | C74: CPA - OF - Video-IS - iOS - USA | D74: nsfw | E74: 0.67291667 | F74: In-Stream Video | G74: TJX | H74: mobile | I74: GEO,Frequency,Keyword,OS,BrowserLanguage | J74: 220 | K74: 0 | L74: Yes | M74: Unlimited | N74: 0 | O74: 0 | P74: 0 | R74: 0 | S74: 0 | T74: 0 | U74: 0 | V74: 1 | W74: 0 | X74: Yes | AB74: Bin | AC74: =LEFT(C74,2) -> CP | AD74: =_xlfn.XLOOKUP(C74,Mapping!A:A,Mapping!D:D,0,0) -> Bin | AE74: =IFERROR(IF(SEARCH("_TJ",C74)>0,"TJ",NA()),IFERROR(IF(SEARCH("_JB",C74)>0,"JB",NA()),"OLD")) -> OLD
A75: PAUSED | B75: 1011822812 | C75: CPA - Trans - Video-IS - iOS - USA | D75: nsfw | E75: 0.67291667 | F75: In-Stream Video | G75: TJX | H75: mobile | I75: GEO,Frequency,OS,BrowserLanguage | J75: 242 | K75: 0 | L75: Yes | M75: Unlimited | N75: 0 | O75: 0 | P75: 0 | R75: 0 | S75: 0 | T75: 0 | U75: 0 | V75: 1 | W75: 0 | X75: Yes | AB75: Bin | AC75: =LEFT(C75,2) -> CP | AD75: =_xlfn.XLOOKUP(C75,Mapping!A:A,Mapping!D:D,0,0) -> Bin | AE75: =IFERROR(IF(SEARCH("_TJ",C75)>0,"TJ",NA()),IFERROR(IF(SEARCH("_JB",C75)>0,"JB",NA()),"OLD")) -> OLD
A76: PAUSED | B76: 1011838812 | C76: CPA - Trans - Video-IS - Desktop - USA | D76: nsfw | E76: 0.67291667 | F76: In-Stream Video | G76: TJX | H76: desktop | I76: GEO,Frequency,BrowserLanguage | J76: 170 | K76: 0 | L76: No | M76: 150 | N76: 0 | O76: 0 | P76: 0 | R76: 0 | S76: 0 | T76: 0 | U76: 0 | V76: 1 | W76: 0 | X76: Yes | AB76: Bin | AC76: =LEFT(C76,2) -> CP | AD76: =_xlfn.XLOOKUP(C76,Mapping!A:A,Mapping!D:D,0,0) -> Trans | AE76: =IFERROR(IF(SEARCH("_TJ",C76)>0,"TJ",NA()),IFERROR(IF(SEARCH("_JB",C76)>0,"JB",NA()),"OLD")) -> OLD
A77: PAUSED | B77: 1011838822 | C77: CPA - Trans - Video-IS - Android - Aus | D77: nsfw | E77: 0.67291667 | F77: In-Stream Video | G77: TJX | H77: mobile | I77: GEO,Frequency,OS,BrowserLanguage | J77: 242 | K77: 0 | L77: No | M77: 100 | N77: 0 | O77: 0 | P77: 0 | R77: 0 | S77: 0 | T77: 0 | U77: 0 | V77: 1 | W77: 0 | X77: Yes | AB77: Bin | AC77: =LEFT(C77,2) -> CP | AD77: =_xlfn.XLOOKUP(C77,Mapping!A:A,Mapping!D:D,0,0) -> Bin | AE77: =IFERROR(IF(SEARCH("_TJ",C77)>0,"TJ",NA()),IFERROR(IF(SEARCH("_JB",C77)>0,"JB",NA()),"OLD")) -> OLD
A78: PAUSED | B78: 1011838832 | C78: CPA - Trans - Video-IS - iOS - Aus | D78: nsfw | E78: 0.67291667 | F78: In-Stream Video | G78: TJX | H78: mobile | I78: GEO,Frequency,OS,BrowserLanguage | J78: 242 | K78: 0 | L78: Yes | M78: Unlimited | N78: 0 | O78: 0 | P78: 0 | R78: 0 | S78: 0 | T78: 0 | U78: 0 | V78: 1 | W78: 0 | X78: Yes | AB78: Bin | AC78: =LEFT(C78,2) -> CP | AD78: =_xlfn.XLOOKUP(C78,Mapping!A:A,Mapping!D:D,0,0) -> Trans | AE78: =IFERROR(IF(SEARCH("_TJ",C78)>0,"TJ",NA()),IFERROR(IF(SEARCH("_JB",C78)>0,"JB",NA()),"OLD")) -> OLD
A79: PAUSED | B79: 1011838852 | C79: CPA - Trans - Video-IS - Android - Canada | D79: nsfw | E79: 0.67291667 | F79: In-Stream Video | G79: TJX | H79: mobile | I79: GEO,Frequency,OS,BrowserLanguage | J79: 242 | K79: 0 | L79: Yes | M79: Unlimited | N79: 0 | O79: 0 | P79: 0 | R79: 0 | S79: 0 | T79: 0 | U79: 0 | V79: 1 | W79: 0 | X79: Yes | AB79: Bin | AC79: =LEFT(C79,2) -> CP | AD79: =_xlfn.XLOOKUP(C79,Mapping!A:A,Mapping!D:D,0,0) -> Bin | AE79: =IFERROR(IF(SEARCH("_TJ",C79)>0,"TJ",NA()),IFERROR(IF(SEARCH("_JB",C79)>0,"JB",NA()),"OLD")) -> OLD
A80: PAUSED | B80: 1011838862 | C80: CPA - Trans - Video-IS - iOS - Canada | D80: nsfw | E80: 0.67291667 | F80: In-Stream Video | G80: TJX | H80: mobile | I80: GEO,Frequency,OS,BrowserLanguage | J80: 242 | K80: 0 | L80: Yes | M80: Unlimited | N80: 0 | O80: 0 | P80: 0 | R80: 0 | S80: 0 | T80: 0 | U80: 0 | V80: 1 | W80: 0 | X80: Yes | AB80: Bin | AC80: =LEFT(C80,2) -> CP | AD80: =_xlfn.XLOOKUP(C80,Mapping!A:A,Mapping!D:D,0,0) -> Bin | AE80: =IFERROR(IF(SEARCH("_TJ",C80)>0,"TJ",NA()),IFERROR(IF(SEARCH("_JB",C80)>0,"JB",NA()),"OLD")) -> OLD
A81: PAUSED | B81: 1011838882 | C81: CPA - Trans - Video-IS - Desktop - Aus | D81: nsfw | E81: 0.67291667 | F81: In-Stream Video | G81: TJX | H81: desktop | I81: GEO,Frequency,BrowserLanguage | J81: 120 | K81: 0 | L81: Yes | M81: Unlimited | N81: 0 | O81: 0 | P81: 0 | R81: 0 | S81: 0 | T81: 0 | U81: 0 | V81: 1 | W81: 0 | X81: Yes | AB81: Bin | AC81: =LEFT(C81,2) -> CP | AD81: =_xlfn.XLOOKUP(C81,Mapping!A:A,Mapping!D:D,0,0) -> Trans | AE81: =IFERROR(IF(SEARCH("_TJ",C81)>0,"TJ",NA()),IFERROR(IF(SEARCH("_JB",C81)>0,"JB",NA()),"OLD")) -> OLD
A82: PAUSED | B82: 1011838892 | C82: CPA - Trans - Video-IS - Desktop - UK | D82: nsfw | E82: 0.67291667 | F82: In-Stream Video | G82: TJX | H82: desktop | I82: GEO,Frequency,BrowserLanguage | J82: 230 | K82: 0 | L82: Yes | M82: Unlimited | N82: 1 | O82: 0 | P82: 0 | Q82: 0 | R82: 0 | S82: 3.811 | T82: 0 | U82: 0 | V82: 1 | W82: 0 | X82: Yes | Y82: 1 | Z82: 1 | AA82: 0 | AB82: Bin | AC82: =LEFT(C82,2) -> CP | AD82: =_xlfn.XLOOKUP(C82,Mapping!A:A,Mapping!D:D,0,0) -> Trans | AE82: =IFERROR(IF(SEARCH("_TJ",C82)>0,"TJ",NA()),IFERROR(IF(SEARCH("_JB",C82)>0,"JB",NA()),"OLD")) -> OLD
A83: PAUSED | B83: 1011838902 | C83: CPA - Trans - Video-IS - Desktop - Canada | D83: nsfw | E83: 0.67291667 | F83: In-Stream Video | G83: TJX | H83: desktop | I83: GEO,Frequency,BrowserLanguage | J83: 170 | K83: 0 | L83: Yes | M83: Unlimited | N83: 0 | O83: 0 | P83: 0 | R83: 0 | S83: 0 | T83: 0 | U83: 0 | V83: 1 | W83: 0 | X83: Yes | AB83: Bin | AC83: =LEFT(C83,2) -> CP | AD83: =_xlfn.XLOOKUP(C83,Mapping!A:A,Mapping!D:D,0,0) -> Bin | AE83: =IFERROR(IF(SEARCH("_TJ",C83)>0,"TJ",NA()),IFERROR(IF(SEARCH("_JB",C83)>0,"JB",NA()),"OLD")) -> OLD
A84: PAUSED | B84: 1011838912 | C84: CPA - Trans - Video-IS - iOS - UK | D84: nsfw | E84: 0.67291667 | F84: In-Stream Video | G84: TJX | H84: mobile | I84: GEO,Frequency,OS,BrowserLanguage | J84: 242 | K84: 0 | L84: Yes | M84: Unlimited | N84: 0 | O84: 0 | P84: 0 | R84: 0 | S84: 0 | T84: 0 | U84: 0 | V84: 1 | W84: 0 | X84: Yes | AB84: Bin | AC84: =LEFT(C84,2) -> CP | AD84: =_xlfn.XLOOKUP(C84,Mapping!A:A,Mapping!D:D,0,0) -> Trans | AE84: =IFERROR(IF(SEARCH("_TJ",C84)>0,"TJ",NA()),IFERROR(IF(SEARCH("_JB",C84)>0,"JB",NA()),"OLD")) -> OLD
A85: PAUSED | B85: 1011838922 | C85: CPA - Trans - Video-IS - Android - UK | D85: nsfw | E85: 0.67291667 | F85: In-Stream Video | G85: TJX | H85: mobile | I85: GEO,Frequency,OS,BrowserLanguage | J85: 242 | K85: 0 | L85: Yes | M85: Unlimited | N85: 0 | O85: 0 | P85: 0 | R85: 0 | S85: 0 | T85: 0 | U85: 0 | V85: 1 | W85: 0 | X85: Yes | AB85: Bin | AC85: =LEFT(C85,2) -> CP | AD85: =_xlfn.XLOOKUP(C85,Mapping!A:A,Mapping!D:D,0,0) -> Bin | AE85: =IFERROR(IF(SEARCH("_TJ",C85)>0,"TJ",NA()),IFERROR(IF(SEARCH("_JB",C85)>0,"JB",NA()),"OLD")) -> OLD
A86: PAUSED | B86: 1011838932 | C86: CPA - Fantasy - Video-IS - Android - USA | D86: nsfw | E86: 0.67291667 | F86: In-Stream Video | G86: TJX | H86: mobile | I86: GEO,Frequency,Keyword,OS,BrowserLanguage | J86: 220 | K86: 0 | L86: No | M86: 250 | N86: 0 | O86: 0 | P86: 0 | R86: 0 | S86: 0 | T86: 0 | U86: 0 | V86: 1 | W86: 0 | X86: Yes | AB86: Bin | AC86: =LEFT(C86,2) -> CP | AD86: =_xlfn.XLOOKUP(C86,Mapping!A:A,Mapping!D:D,0,0) -> Bin | AE86: =IFERROR(IF(SEARCH("_TJ",C86)>0,"TJ",NA()),IFERROR(IF(SEARCH("_JB",C86)>0,"JB",NA()),"OLD")) -> OLD
A87: PAUSED | B87: 1011838942 | C87: CPA - Fantasy - Video-IS - Desktop - USA | D87: nsfw | E87: 0.67291667 | F87: In-Stream Video | G87: TJX | H87: desktop | I87: GEO,Frequency,Keyword,BrowserLanguage | J87: 88 | K87: 0 | L87: No | M87: 500 | N87: 0 | O87: 0 | P87: 0 | R87: 0 | S87: 0 | T87: 0 | U87: 0 | V87: 1 | W87: 0 | X87: Yes | AB87: Bin | AC87: =LEFT(C87,2) -> CP | AD87: =_xlfn.XLOOKUP(C87,Mapping!A:A,Mapping!D:D,0,0) -> Bin | AE87: =IFERROR(IF(SEARCH("_TJ",C87)>0,"TJ",NA()),IFERROR(IF(SEARCH("_JB",C87)>0,"JB",NA()),"OLD")) -> OLD
A88: PAUSED | B88: 1011838952 | C88: CPA - Fantasy - Video-IS - iOS - Aus | D88: nsfw | E88: 0.67291667 | F88: In-Stream Video | G88: TJX | H88: mobile | I88: GEO,Frequency,Keyword,OS,BrowserLanguage | J88: 748 | K88: 0 | L88: Yes | M88: Unlimited | N88: 0 | O88: 0 | P88: 0 | R88: 0 | S88: 0 | T88: 0 | U88: 0 | V88: 1 | W88: 0 | X88: Yes | AB88: Bin | AC88: =LEFT(C88,2) -> CP | AD88: =_xlfn.XLOOKUP(C88,Mapping!A:A,Mapping!D:D,0,0) -> Bin | AE88: =IFERROR(IF(SEARCH("_TJ",C88)>0,"TJ",NA()),IFERROR(IF(SEARCH("_JB",C88)>0,"JB",NA()),"OLD")) -> OLD
A89: PAUSED | B89: 1011838962 | C89: CPA - Fantasy - Video-IS - Android - Aus | D89: nsfw | E89: 0.67291667 | F89: In-Stream Video | G89: TJX | H89: mobile | I89: GEO,Frequency,Keyword,OS,BrowserLanguage | J89: 616 | K89: 0 | L89: Yes | M89: Unlimited | N89: 0 | O89: 0 | P89: 0 | R89: 0 | S89: 0 | T89: 0 | U89: 0 | V89: 1 | W89: 0 | X89: Yes | AB89: Bin | AC89: =LEFT(C89,2) -> CP | AD89: =_xlfn.XLOOKUP(C89,Mapping!A:A,Mapping!D:D,0,0) -> Bin | AE89: =IFERROR(IF(SEARCH("_TJ",C89)>0,"TJ",NA()),IFERROR(IF(SEARCH("_JB",C89)>0,"JB",NA()),"OLD")) -> OLD
A90: PAUSED | B90: 1011838972 | C90: CPA - Fantasy - Video-IS - Desktop - Aus | D90: nsfw | E90: 0.67291667 | F90: In-Stream Video | G90: TJX | H90: desktop | I90: GEO,Frequency,Keyword,BrowserLanguage | J90: 88 | K90: 0 | L90: No | M90: 500 | N90: 0 | O90: 0 | P90: 0 | R90: 0 | S90: 0 | T90: 0 | U90: 0 | V90: 1 | W90: 0 | X90: Yes | AB90: Bin | AC90: =LEFT(C90,2) -> CP | AD90: =_xlfn.XLOOKUP(C90,Mapping!A:A,Mapping!D:D,0,0) -> Bin | AE90: =IFERROR(IF(SEARCH("_TJ",C90)>0,"TJ",NA()),IFERROR(IF(SEARCH("_JB",C90)>0,"JB",NA()),"OLD")) -> OLD
A91: PAUSED | B91: 1011838982 | C91: CPA - Fantasy - Video-IS - iOS - UK | D91: nsfw | E91: 0.67291667 | F91: In-Stream Video | G91: TJX | H91: mobile | I91: GEO,Frequency,Keyword,OS,BrowserLanguage | J91: 220 | K91: 0 | L91: Yes | M91: Unlimited | N91: 0 | O91: 0 | P91: 0 | R91: 0 | S91: 0 | T91: 0 | U91: 0 | V91: 1 | W91: 0 | X91: Yes | AB91: Bin | AC91: =LEFT(C91,2) -> CP | AD91: =_xlfn.XLOOKUP(C91,Mapping!A:A,Mapping!D:D,0,0) -> Bin | AE91: =IFERROR(IF(SEARCH("_TJ",C91)>0,"TJ",NA()),IFERROR(IF(SEARCH("_JB",C91)>0,"JB",NA()),"OLD")) -> OLD
A92: PAUSED | B92: 1011838992 | C92: CPA - Fantasy - Video-IS - Android - UK | D92: nsfw | E92: 0.67291667 | F92: In-Stream Video | G92: TJX | H92: mobile | I92: GEO,Frequency,Keyword,OS,BrowserLanguage | J92: 220 | K92: 0 | L92: No | M92: 150 | N92: 0 | O92: 0 | P92: 0 | R92: 0 | S92: 0 | T92: 0 | U92: 0 | V92: 1 | W92: 0 | X92: Yes | AB92: Bin | AC92: =LEFT(C92,2) -> CP | AD92: =_xlfn.XLOOKUP(C92,Mapping!A:A,Mapping!D:D,0,0) -> Bin | AE92: =IFERROR(IF(SEARCH("_TJ",C92)>0,"TJ",NA()),IFERROR(IF(SEARCH("_JB",C92)>0,"JB",NA()),"OLD")) -> OLD
A93: PAUSED | B93: 1011839002 | C93: CPA - Fantasy - Video-IS - Desktop - UK | D93: nsfw | E93: 0.67291667 | F93: In-Stream Video | G93: TJX | H93: desktop | I93: GEO,Frequency,Keyword,BrowserLanguage | J93: 88 | K93: 0 | L93: No | M93: 500 | N93: 0 | O93: 0 | P93: 0 | R93: 0 | S93: 0 | T93: 0 | U93: 0 | V93: 1 | W93: 0 | X93: Yes | AB93: Bin | AC93: =LEFT(C93,2) -> CP | AD93: =_xlfn.XLOOKUP(C93,Mapping!A:A,Mapping!D:D,0,0) -> Bin | AE93: =IFERROR(IF(SEARCH("_TJ",C93)>0,"TJ",NA()),IFERROR(IF(SEARCH("_JB",C93)>0,"JB",NA()),"OLD")) -> OLD
A94: PAUSED | B94: 1011839012 | C94: CPA - Fantasy - Video-IS - Desktop - Canada | D94: nsfw | E94: 0.67291667 | F94: In-Stream Video | G94: TJX | H94: desktop | I94: GEO,Frequency,Keyword,BrowserLanguage | J94: 88 | K94: 0 | L94: Yes | M94: Unlimited | N94: 0 | O94: 0 | P94: 0 | R94: 0 | S94: 0 | T94: 0 | U94: 0 | V94: 1 | W94: 0 | X94: Yes | AB94: Bin | AC94: =LEFT(C94,2) -> CP | AD94: =_xlfn.XLOOKUP(C94,Mapping!A:A,Mapping!D:D,0,0) -> Bin | AE94: =IFERROR(IF(SEARCH("_TJ",C94)>0,"TJ",NA()),IFERROR(IF(SEARCH("_JB",C94)>0,"JB",NA()),"OLD")) -> OLD
A95: PAUSED | B95: 1011839022 | C95: CPA - Fantasy - Video-IS - Android - Canada | D95: nsfw | E95: 0.67291667 | F95: In-Stream Video | G95: TJX | H95: mobile | I95: GEO,Frequency,Keyword,OS,BrowserLanguage | J95: 220 | K95: 0 | L95: Yes | M95: Unlimited | N95: 0 | O95: 0 | P95: 0 | R95: 0 | S95: 0 | T95: 0 | U95: 0 | V95: 1 | W95: 0 | X95: Yes | AB95: Bin | AC95: =LEFT(C95,2) -> CP | AD95: =_xlfn.XLOOKUP(C95,Mapping!A:A,Mapping!D:D,0,0) -> Bin | AE95: =IFERROR(IF(SEARCH("_TJ",C95)>0,"TJ",NA()),IFERROR(IF(SEARCH("_JB",C95)>0,"JB",NA()),"OLD")) -> OLD
A96: PAUSED | B96: 1011839032 | C96: CPA - Fantasy - Video-IS - iOS - Canada | D96: nsfw | E96: 0.67291667 | F96: In-Stream Video | G96: TJX | H96: mobile | I96: GEO,Frequency,Keyword,OS,BrowserLanguage | J96: 220 | K96: 0 | L96: No | M96: 200 | N96: 0 | O96: 0 | P96: 0 | R96: 0 | S96: 0 | T96: 0 | U96: 0 | V96: 1 | W96: 0 | X96: Yes | AB96: Bin | AC96: =LEFT(C96,2) -> CP | AD96: =_xlfn.XLOOKUP(C96,Mapping!A:A,Mapping!D:D,0,0) -> Bin | AE96: =IFERROR(IF(SEARCH("_TJ",C96)>0,"TJ",NA()),IFERROR(IF(SEARCH("_JB",C96)>0,"JB",NA()),"OLD")) -> OLD
A97: PAUSED | B97: 1011839042 | C97: CPA - Cosplay - Video-IS - iOS - USA | D97: nsfw | E97: 0.67291667 | F97: In-Stream Video | G97: TJX | H97: mobile | I97: GEO,Frequency,Keyword,OS,BrowserLanguage | J97: 130 | K97: 0 | L97: No | M97: 100 | N97: 0 | O97: 0 | P97: 0 | R97: 0 | S97: 0 | T97: 0 | U97: 0 | V97: 1 | W97: 0 | X97: Yes | AB97: Bin | AC97: =LEFT(C97,2) -> CP | AD97: =_xlfn.XLOOKUP(C97,Mapping!A:A,Mapping!D:D,0,0) -> Bin | AE97: =IFERROR(IF(SEARCH("_TJ",C97)>0,"TJ",NA()),IFERROR(IF(SEARCH("_JB",C97)>0,"JB",NA()),"OLD")) -> OLD
A98: PAUSED | B98: 1011839052 | C98: CPA - Cosplay - Video-IS - Desktop - USA | D98: nsfw | E98: 0.67291667 | F98: In-Stream Video | G98: TJX | H98: desktop | I98: GEO,Frequency,Keyword,BrowserLanguage | J98: 88 | K98: 0 | L98: No | M98: 500 | N98: 0 | O98: 0 | P98: 0 | R98: 0 | S98: 0 | T98: 0 | U98: 0 | V98: 1 | W98: 0 | X98: Yes | AB98: Bin | AC98: =LEFT(C98,2) -> CP | AD98: =_xlfn.XLOOKUP(C98,Mapping!A:A,Mapping!D:D,0,0) -> Bin | AE98: =IFERROR(IF(SEARCH("_TJ",C98)>0,"TJ",NA()),IFERROR(IF(SEARCH("_JB",C98)>0,"JB",NA()),"OLD")) -> OLD
A99: PAUSED | B99: 1011839072 | C99: CPA - Cosplay - Video-IS - Android - Aus | D99: nsfw | E99: 0.67291667 | F99: In-Stream Video | G99: TJX | H99: mobile | I99: GEO,Frequency,Keyword,OS,BrowserLanguage | J99: 130 | K99: 0 | L99: No | M99: 100 | N99: 0 | O99: 0 | P99: 0 | R99: 0 | S99: 0 | T99: 0 | U99: 0 | V99: 1 | W99: 0 | X99: Yes | AB99: Bin | AC99: =LEFT(C99,2) -> CP | AD99: =_xlfn.XLOOKUP(C99,Mapping!A:A,Mapping!D:D,0,0) -> Bin | AE99: =IFERROR(IF(SEARCH("_TJ",C99)>0,"TJ",NA()),IFERROR(IF(SEARCH("_JB",C99)>0,"JB",NA()),"OLD")) -> OLD
A100: PAUSED | B100: 1011839082 | C100: CPA - Cosplay - Video-IS - iOS - Aus | D100: nsfw | E100: 0.67291667 | F100: In-Stream Video | G100: TJX | H100: mobile | I100: GEO,Frequency,Keyword,OS,BrowserLanguage | J100: 526 | K100: 0 | L100: Yes | M100: Unlimited | N100: 0 | O100: 0 | P100: 0 | R100: 0 | S100: 0 | T100: 0 | U100: 0 | V100: 1 | W100: 0 | X100: Yes | AB100: Bin | AC100: =LEFT(C100,2) -> CP | AD100: =_xlfn.XLOOKUP(C100,Mapping!A:A,Mapping!D:D,0,0) -> Bin | AE100: =IFERROR(IF(SEARCH("_TJ",C100)>0,"TJ",NA()),IFERROR(IF(SEARCH("_JB",C100)>0,"JB",NA()),"OLD")) -> OLD
...

Sheet Mapping
A1: Campaign Name | B1: Cost | C1: Group | D1: Mapping
A2: US_EN_PREROLL_CPM_PH_ALL_MOB_RETARGETING_ALL_TJ | B2: 8209.8 | C2: Remarketing | D2: Remarketing
A3: US_EN_NATIVE_CPM_PH_HOMEPAGE_iOS_ALL_TJ | B3: 6626.33 | C3: General | D3: Native - Homepage
A4: CPA - Global - Video-IS - excl. iOS - OTH5 | B4: 6028.95 | C4: Global | D4: Global
A5: US_EN_PREROLL_CPA_PH-RT_KEY-Missionary_AND_M_JB | B5: 5794.67 | C5: Missionary | D5: Keyword - Preroll
A6: US_EN_NATIVE_CPM_PH_HOMEPAGE_ALL-MOB_ALL_TJ | B6: 5741.07 | C6: General | D6: Native - Homepage
A7: CPA - Pokemon/Digimon - Video-IS - ALL - USA | B7: 4254.79 | C7: Tests | D7: Keyword - Preroll
A8: US_EN_PREROLL_CPA_ALL_SOURCE-Gay_DESK_M_JB | B8: 3294.01 | C8: Gay | D8: Gay
A9: US_EN_PREROLL_CPA_ALL_Broad_DESK_MF_JB | B9: 3227.23 | C9: Broad | D9: General - Pre-roll
A10: OLD_CPA_Batch-1_Native-Homepage_excl-iOS_USA_SD | B10: 3003.46 | C10: General | D10: Native - Homepage
A11: DE_EN_NATIVE_CPM_PH_SEARCH_ALL_MOB_ALL_TJ | B11: 2990.22 | C11: General | D11: Native - Search
A12: DE_EN_NATIVE_CPM_PH_WATCH_ALL-MOB_ALL_TJ | B12: 2989.78 | C12: General | D12: Native - Watch
A13: PH_EN_PREROLL_CPM_PH_MOB_ALL-MOB_ALL_TJ | B13: 2870.98 | C13: General | D13: General - Pre-roll
... A1044: BR_EN_BANNER_CPM_PH_ALL_MOB_MIDDLE_ALL_TJ | B1044: 0 | C1044: General | D1044: General

Sheet Specific Extracts
A1: Date | B1: Campaign Status | C1: ID | D1: Campaign Name | E1: Content Rating | F1: Dimensions | G1: Ad Format | H1: Exchange | I1: Device | J1: Targeting | K1: Active Ads | L1: Paused Ads | M1: Unlimited Budget | N1: Custom Budget | O1: Impressions | P1: Clicks | Q1: CTR | R1: Conversion | S1: Cost | T1: eCPM | U1: eCPC | V1: eCPA | W1: Tracker | X1: Rules | Y1: Autopilot | Z1: Plays | AA1: Skips | AB1: Finishes | AC1: Group | AD1: Country | AE1: Labels | AF1: JB/TJ
A2: 13th+14th | B2: RUNNING | C2: 1011737002 | D2: CPA - AI - Video-IS - Desktop - USA | E2: nsfw | F2: 0.67291667 | G2: In-Stream Video | H2: TJX | I2: desktop | J2: GEO,Frequency,BrowserLanguage,Segment | K2: 230 | L2: 0 | M2: Yes | N2: Unlimited | O2: 3097 | P2: 149 | Q2: 4.81111 | R2: 0 | S2: 13.37 | T2: 4.316 | U2: 0.09 | V2: 0 | W2: 1 | X2: 0 | Y2: Yes | Z2: 3097 | AA2: 2421 | AB2: 391 | AC2: AI | AD2: =LEFT(D2,2) -> CP | AE2: =_xlfn.XLOOKUP(D2,Mapping!A:A,Mapping!D:D,0,0) -> AI | AF2: =IFERROR(IF(SEARCH("_TJ",D2)>0,"TJ",NA()),IFERROR(IF(SEARCH("_JB",D2)>0,"JB",NA()),"OLD")) -> OLD
A3: 13th+14th | B3: PAUSED | C3: 1011737052 | D3: CPA - AI - Video-IS - Android - USA - BROKEN | E3: nsfw | F3: 0.67291667 | G3: In-Stream Video | H3: TJX | I3: mobile | J3: GEO,Frequency,OS,BrowserLanguage,Segment | K3: 308 | L3: 0 | M3: Yes | N3: Unlimited | O3: 0 | P3: 0 | Q3: 0 | S3: 0 | T3: 0 | U3: 0 | V3: 0 | W3: 1 | X3: 0 | Y3: Yes | AC3: Bin | AD3: =LEFT(D3,2) -> CP | AE3: =_xlfn.XLOOKUP(D3,Mapping!A:A,Mapping!D:D,0,0) -> Bin | AF3: =IFERROR(IF(SEARCH("_TJ",D3)>0,"TJ",NA()),IFERROR(IF(SEARCH("_JB",D3)>0,"JB",NA()),"OLD")) -> OLD
A4: 13th+14th | B4: PAUSED | C4: 1011737062 | D4: CPA - AI - Video-IS - iOS - USA - BROKEN | E4: nsfw | F4: 0.67291667 | G4: In-Stream Video | H4: TJX | I4: mobile | J4: GEO,Frequency,OS,BrowserLanguage,Segment | K4: 308 | L4: 0 | M4: Yes | N4: Unlimited | O4: 0 | P4: 0 | Q4: 0 | S4: 0 | T4: 0 | U4: 0 | V4: 0 | W4: 1 | X4: 0 | Y4: Yes | AC4: Bin | AD4: =LEFT(D4,2) -> CP | AE4: =_xlfn.XLOOKUP(D4,Mapping!A:A,Mapping!D:D,0,0) -> Bin | AF4: =IFERROR(IF(SEARCH("_TJ",D4)>0,"TJ",NA()),IFERROR(IF(SEARCH("_JB",D4)>0,"JB",NA()),"OLD")) -> OLD
A5: 13th+14th | B5: RUNNING | C5: 1011737262 | D5: CPA - AI - Video-IS - Desktop - Aus | E5: nsfw | F5: 0.67291667 | G5: In-Stream Video | H5: TJX | I5: desktop | J5: GEO,Frequency,BrowserLanguage,Segment | K5: 215 | L5: 0 | M5: Yes | N5: Unlimited | O5: 404 | P5: 18 | Q5: 4.45545 | R5: 0 | S5: 1.1 | T5: 2.724 | U5: 0.061 | V5: 0 | W5: 1 | X5: 0 | Y5: Yes | Z5: 404 | AA5: 320 | AB5: 47 | AC5: AI | AD5: =LEFT(D5,2) -> CP | AE5: =_xlfn.XLOOKUP(D5,Mapping!A:A,Mapping!D:D,0,0) -> AI | AF5: =IFERROR(IF(SEARCH("_TJ",D5)>0,"TJ",NA()),IFERROR(IF(SEARCH("_JB",D5)>0,"JB",NA()),"OLD")) -> OLD
A6: 13th+14th | B6: RUNNING | C6: 1011737272 | D6: CPA - AI - Video-IS - iOS - Aus | E6: nsfw | F6: 0.67291667 | G6: In-Stream Video | H6: TJX | I6: mobile | J6: GEO,Frequency,OS,BrowserLanguage,Segment | K6: 638 | L6: 0 | M6: Yes | N6: Unlimited | O6: 813 | P6: 51 | Q6: 6.27306 | R6: 1 | S6: 2.84 | T6: 3.493 | U6: 0.056 | V6: 2.84 | W6: 1 | X6: 0 | Y6: Yes | Z6: 813 | AA6: 711 | AB6: 81 | AC6: AI | AD6: =LEFT(D6,2) -> CP | AE6: =_xlfn.XLOOKUP(D6,Mapping!A:A,Mapping!D:D,0,0) -> AI | AF6: =IFERROR(IF(SEARCH("_TJ",D6)>0,"TJ",NA()),IFERROR(IF(SEARCH("_JB",D6)>0,"JB",NA()),"OLD")) -> OLD
A7: 13th+14th | B7: RUNNING | C7: 1011737322 | D7: CPA - AI - Video-IS - excl. iOS - Aus | E7: nsfw | F7: 0.67291667 | G7: In-Stream Video | H7: TJX | I7: mobile | J7: GEO,Frequency,OS,BrowserLanguage,Segment | K7: 638 | L7: 0 | M7: Yes | N7: Unlimited | O7: 776 | P7: 28 | Q7: 3.60825 | R7: 0 | S7: 3.1 | T7: 3.996 | U7: 0.111 | V7: 0 | W7: 1 | X7: 0 | Y7: Yes | Z7: 776 | AA7: 669 | AB7: 91 | AC7: AI | AD7: =LEFT(D7,2) -> CP | AE7: =_xlfn.XLOOKUP(D7,Mapping!A:A,Mapping!D:D,0,0) -> AI | AF7: =IFERROR(IF(SEARCH("_TJ",D7)>0,"TJ",NA()),IFERROR(IF(SEARCH("_JB",D7)>0,"JB",NA()),"OLD")) -> OLD
A8: 13th+14th | B8: RUNNING | C8: 1011744802 | D8: CPA - AI - Video-IS - Desktop - Canada | E8: nsfw | F8: 0.67291667 | G8: In-Stream Video | H8: TJX | I8: desktop | J8: GEO,Frequency,BrowserLanguage,Segment | K8: 285 | L8: 0 | M8: Yes | N8: Unlimited | O8: 1208 | P8: 63 | Q8: 5.21523 | R8: 0 | S8: 5.43 | T8: 4.492 | U8: 0.086 | V8: 0 | W8: 1 | X8: 0 | Y8: Yes | Z8: 1208 | AA8: 948 | AB8: 155 | AC8: AI | AD8: =LEFT(D8,2) -> CP | AE8: =_xlfn.XLOOKUP(D8,Mapping!A:A,Mapping!D:D,0,0) -> AI | AF8: =IFERROR(IF(SEARCH("_TJ",D8)>0,"TJ",NA()),IFERROR(IF(SEARCH("_JB",D8)>0,"JB",NA()),"OLD")) -> OLD
A9: 13th+14th | B9: PAUSED | C9: 1011744812 | D9: CPA - AI - Video-IS - iOS - Canada | E9: nsfw | F9: 0.67291667 | G9: In-Stream Video | H9: TJX | I9: mobile | J9: GEO,Frequency,OS,BrowserLanguage,Segment | K9: 539 | L9: 0 | M9: Yes | N9: Unlimited | O9: 0 | P9: 0 | Q9: 0 | S9: 0 | T9: 0 | U9: 0 | V9: 0 | W9: 1 | X9: 0 | Y9: Yes | AC9: Bin | AD9: =LEFT(D9,2) -> CP | AE9: =_xlfn.XLOOKUP(D9,Mapping!A:A,Mapping!D:D,0,0) -> Bin | AF9: =IFERROR(IF(SEARCH("_TJ",D9)>0,"TJ",NA()),IFERROR(IF(SEARCH("_JB",D9)>0,"JB",NA()),"OLD")) -> OLD
A10: 13th+14th | B10: PAUSED | C10: 1011744822 | D10: CPA - AI - Video-IS - excl. iOS - Canada | E10: nsfw | F10: 0.67291667 | G10: In-Stream Video | H10: TJX | I10: mobile | J10: GEO,Frequency,OS,BrowserLanguage,Segment | K10: 638 | L10: 0 | M10: Yes | N10: Unlimited | O10: 0 | P10: 0 | Q10: 0 | S10: 0 | T10: 0 | U10: 0 | V10: 0 | W10: 1 | X10: 0 | Y10: Yes | AC10: AI | AD10: =LEFT(D10,2) -> CP | AE10: =_xlfn.XLOOKUP(D10,Mapping!A:A,Mapping!D:D,0,0) -> AI | AF10: =IFERROR(IF(SEARCH("_TJ",D10)>0,"TJ",NA()),IFERROR(IF(SEARCH("_JB",D10)>0,"JB",NA()),"OLD")) -> OLD
A11: 13th+14th | B11: RUNNING | C11: 1011744832 | D11: CPA - AI - Video-IS - Desktop - UK | E11: nsfw | F11: 0.67291667 | G11: In-Stream Video | H11: TJX | I11: desktop | J11: GEO,Frequency,BrowserLanguage,Segment | K11: 215 | L11: 0 | M11: Yes | N11: Unlimited | O11: 169 | P11: 9 | Q11: 5.32544 | R11: 0 | S11: 0.77 | T11: 4.556 | U11: 0.086 | V11: 0 | W11: 1 | X11: 0 | Y11: Yes | Z11: 169 | AA11: 138 | AB11: 22 | AC11: AI | AD11: =LEFT(D11,2) -> CP | AE11: =_xlfn.XLOOKUP(D11,Mapping!A:A,Mapping!D:D,0,0) -> AI | AF11: =IFERROR(IF(SEARCH("_TJ",D11)>0,"TJ",NA()),IFERROR(IF(SEARCH("_JB",D11)>0,"JB",NA()),"OLD")) -> OLD
A12: 13th+14th | B12: PAUSED | C12: 1011744842 | D12: CPA - AI - Video-IS - iOS - UK | E12: nsfw | F12: 0.67291667 | G12: In-Stream Video | H12: TJX | I12: mobile | J12: GEO,Frequency,OS,BrowserLanguage,Segment | K12: 539 | L12: 0 | M12: Yes | N12: Unlimited | O12: 0 | P12: 0 | Q12: 0 | S12: 0 | T12: 0 | U12: 0 | V12: 0 | W12: 1 | X12: 0 | Y12: Yes | AC12: Bin | AD12: =LEFT(D12,2) -> CP | AE12: =_xlfn.XLOOKUP(D12,Mapping!A:A,Mapping!D:D,0,0) -> Bin | AF12: =IFERROR(IF(SEARCH("_TJ",D12)>0,"TJ",NA()),IFERROR(IF(SEARCH("_JB",D12)>0,"JB",NA()),"OLD")) -> OLD
A13: 13th+14th | B13: RUNNING | C13: 1011744852 | D13: CPA - AI - Video-IS - excl. iOS - UK | E13: nsfw | F13: 0.67291667 | G13: In-Stream Video | H13: TJX | I13: mobile | J13: GEO,Frequency,OS,BrowserLanguage,Segment | K13: 638 | L13: 0 | M13: Yes | N13: Unlimited | O13: 495 | P13: 28 | Q13: 5.65657 | R13: 0 | S13: 2.03 | T13: 4.101 | U13: 0.072 | V13: 0 | W13: 1 | X13: 0 | Y13: Yes | Z13: 495 | AA13: 447 | AB13: 43 | AC13: AI | AD13: =LEFT(D13,2) -> CP | AE13: =_xlfn.XLOOKUP(D13,Mapping!A:A,Mapping!D:D,0,0) -> AI | AF13: =IFERROR(IF(SEARCH("_TJ",D13)>0,"TJ",NA()),IFERROR(IF(SEARCH("_JB",D13)>0,"JB",NA()),"OLD")) -> OLD
A14: 13th+14th | B14: PAUSED | C14: 1011744862 | D14: CPA - AI - Video-IS - excl. iOS - Norway | E14: nsfw | F14: 0.67291667 | G14: In-Stream Video | H14: TJX | I14: mobile | J14: GEO,Frequency,OS,BrowserLanguage,Segment | K14: 539 | L14: 0 | M14: Yes | N14: Unlimited | O14: 0 | P14: 0 | Q14: 0 | S14: 0 | T14: 0 | U14: 0 | V14: 0 | W14: 1 | X14: 0 | Y14: Yes | AC14: Bin | AD14: =LEFT(D14,2) -> CP | AE14: =_xlfn.XLOOKUP(D14,Mapping!A:A,Mapping!D:D,0,0) -> Bin | AF14: =IFERROR(IF(SEARCH("_TJ",D14)>0,"TJ",NA()),IFERROR(IF(SEARCH("_JB",D14)>0,"JB",NA()),"OLD")) -> OLD
A15: 13th+14th | B15: PAUSED | C15: 1011744872 | D15: CPA - AI - Video-IS - iOS - Norway | E15: nsfw | F15: 0.67291667 | G15: In-Stream Video | H15: TJX | I15: mobile | J15: GEO,Frequency,OS,BrowserLanguage,Segment | K15: 539 | L15: 0 | M15: Yes | N15: Unlimited | O15: 0 | P15: 0 | Q15: 0 | S15: 0 | T15: 0 | U15: 0 | V15: 0 | W15: 1 | X15: 0 | Y15: Yes | AC15: Bin | AD15: =LEFT(D15,2) -> CP | AE15: =_xlfn.XLOOKUP(D15,Mapping!A:A,Mapping!D:D,0,0) -> Bin | AF15: =IFERROR(IF(SEARCH("_TJ",D15)>0,"TJ",NA()),IFERROR(IF(SEARCH("_JB",D15)>0,"JB",NA()),"OLD")) -> OLD
A16: 13th+14th | B16: PAUSED | C16: 1011744882 | D16: CPA - AI - Video-IS - Desktop - Norway | E16: nsfw | F16: 0.67291667 | G16: In-Stream Video | H16: TJX | I16: desktop | J16: GEO,Frequency,BrowserLanguage,Segment | K16: 240 | L16: 0 | M16: Yes | N16: Unlimited | O16: 0 | P16: 0 | Q16: 0 | S16: 0 | T16: 0 | U16: 0 | V16: 0 | W16: 1 | X16: 0 | Y16: Yes | AC16: Bin | AD16: =LEFT(D16,2) -> CP | AE16: =_xlfn.XLOOKUP(D16,Mapping!A:A,Mapping!D:D,0,0) -> Bin | AF16: =IFERROR(IF(SEARCH("_TJ",D16)>0,"TJ",NA()),IFERROR(IF(SEARCH("_JB",D16)>0,"JB",NA()),"OLD")) -> OLD
A17: 13th+14th | B17: PAUSED | C17: 1011813152 | D17: CPA - Trans - Video-IS - Android - USA | E17: nsfw | F17: 0.67291667 | G17: In-Stream Video | H17: TJX | I17: mobile | J17: GEO,Frequency,OS,BrowserLanguage | K17: 352 | L17: 0 | M17: Yes | N17: Unlimited | O17: 0 | P17: 0 | Q17: 0 | S17: 0 | T17: 0 | U17: 0 | V17: 0 | W17: 1 | X17: 0 | Y17: Yes | AC17: Bin | AD17: =LEFT(D17,2) -> CP | AE17: =_xlfn.XLOOKUP(D17,Mapping!A:A,Mapping!D:D,0,0) -> Bin | AF17: =IFERROR(IF(SEARCH("_TJ",D17)>0,"TJ",NA()),IFERROR(IF(SEARCH("_JB",D17)>0,"JB",NA()),"OLD")) -> OLD
A18: 13th+14th | B18: PAUSED | C18: 1011813182 | D18: CPA - Shorties - Android - USA | E18: nsfw | F18: 0.38611111 | G18: In-Stream Video | H18: TJX | I18: mobile | J18: GEO,Frequency,OS,BrowserLanguage | K18: 11 | L18: 0 | M18: Yes | N18: Unlimited | O18: 0 | P18: 0 | Q18: 0 | S18: 0 | T18: 0 | U18: 0 | V18: 0 | W18: 1 | X18: 0 | Y18: Yes | AC18: Shorties | AD18: =LEFT(D18,2) -> CP | AE18: =_xlfn.XLOOKUP(D18,Mapping!A:A,Mapping!D:D,0,0) -> Shorties | AF18: =IFERROR(IF(SEARCH("_TJ",D18)>0,"TJ",NA()),IFERROR(IF(SEARCH("_JB",D18)>0,"JB",NA()),"OLD")) -> OLD
A19: 13th+14th | B19: PAUSED | C19: 1011813292 | D19: CPA - VR - Video-IS - Android - USA | E19: nsfw | F19: 0.67291667 | G19: In-Stream Video | H19: TJX | I19: mobile | J19: GEO,Frequency,Keyword,OS,BrowserLanguage | K19: 117 | L19: 0 | M19: No | N19: 100 | O19: 0 | P19: 0 | Q19: 0 | S19: 0 | T19: 0 | U19: 0 | V19: 0 | W19: 1 | X19: 0 | Y19: Yes | AC19: Bin | AD19: =LEFT(D19,2) -> CP | AE19: =_xlfn.XLOOKUP(D19,Mapping!A:A,Mapping!D:D,0,0) -> Bin | AF19: =IFERROR(IF(SEARCH("_TJ",D19)>0,"TJ",NA()),IFERROR(IF(SEARCH("_JB",D19)>0,"JB",NA()),"OLD")) -> OLD
A20: 13th+14th | B20: PAUSED | C20: 1011813302 | D20: CPA - Furry - Video-IS - Android - USA - BROKEN | E20: nsfw | F20: 0.67291667 | G20: In-Stream Video | H20: TJX | I20: mobile | J20: GEO,Frequency,Keyword,OS,BrowserLanguage | K20: 308 | L20: 0 | M20: Yes | N20: Unlimited | O20: 0 | P20: 0 | Q20: 0 | S20: 0 | T20: 0 | U20: 0 | V20: 0 | W20: 1 | X20: 0 | Y20: Yes | AC20: Bin | AD20: =LEFT(D20,2) -> CP | AE20: =_xlfn.XLOOKUP(D20,Mapping!A:A,Mapping!D:D,0,0) -> Bin | AF20: =IFERROR(IF(SEARCH("_TJ",D20)>0,"TJ",NA()),IFERROR(IF(SEARCH("_JB",D20)>0,"JB",NA()),"OLD")) -> OLD
A21: 13th+14th | B21: PAUSED | C21: 1011813312 | D21: CPA - Cosplay - Video-IS - Android - USA | E21: nsfw | F21: 0.67291667 | G21: In-Stream Video | H21: TJX | I21: mobile | J21: GEO,Frequency,Keyword,OS,BrowserLanguage | K21: 658 | L21: 0 | M21: Yes | N21: Unlimited | O21: 0 | P21: 0 | Q21: 0 | S21: 0 | T21: 0 | U21: 0 | V21: 0 | W21: 1 | X21: 0 | Y21: Yes | AC21: Bin | AD21: =LEFT(D21,2) -> CP | AE21: =_xlfn.XLOOKUP(D21,Mapping!A:A,Mapping!D:D,0,0) -> Bin | AF21: =IFERROR(IF(SEARCH("_TJ",D21)>0,"TJ",NA()),IFERROR(IF(SEARCH("_JB",D21)>0,"JB",NA()),"OLD")) -> OLD
A22: 13th+14th | B22: PAUSED | C22: 1011813322 | D22: CPA - Massage - Video-IS - Android - USA | E22: nsfw | F22: 0.67291667 | G22: In-Stream Video | H22: TJX | I22: mobile | J22: GEO,Frequency,Keyword,OS,BrowserLanguage | K22: 64 | L22: 0 | M22: No | N22: 100 | O22: 0 | P22: 0 | Q22: 0 | S22: 0 | T22: 0 | U22: 0 | V22: 0 | W22: 1 | X22: 0 | Y22: Yes | AC22: Bin | AD22: =LEFT(D22,2) -> CP | AE22: =_xlfn.XLOOKUP(D22,Mapping!A:A,Mapping!D:D,0,0) -> Bin | AF22: =IFERROR(IF(SEARCH("_TJ",D22)>0,"TJ",NA()),IFERROR(IF(SEARCH("_JB",D22)>0,"JB",NA()),"OLD")) -> OLD
A23: 13th+14th | B23: PAUSED | C23: 1011813332 | D23: CPA - JOI - Video-IS - Android - USA | E23: nsfw | F23: 0.67291667 | G23: In-Stream Video | H23: TJX | I23: mobile | J23: GEO,Frequency,Keyword,OS,BrowserLanguage | K23: 80 | L23: 0 | M23: Yes | N23: Unlimited | O23: 0 | P23: 0 | Q23: 0 | S23: 0 | T23: 0 | U23: 0 | V23: 0 | W23: 1 | X23: 0 | Y23: Yes | AC23: Bin | AD23: =LEFT(D23,2) -> CP | AE23: =_xlfn.XLOOKUP(D23,Mapping!A:A,Mapping!D:D,0,0) -> Bin | AF23: =IFERROR(IF(SEARCH("_TJ",D23)>0,"TJ",NA()),IFERROR(IF(SEARCH("_JB",D23)>0,"JB",NA()),"OLD")) -> OLD
A24: 13th+14th | B24: PAUSED | C24: 1011813342 | D24: CPA - Japanese - Video-IS - Android - USA | E24: nsfw | F24: 0.67291667 | G24: In-Stream Video | H24: TJX | I24: mobile | J24: GEO,Frequency,Keyword,OS,BrowserLanguage | K24: 117 | L24: 0 | M24: No | N24: 100 | O24: 0 | P24: 0 | Q24: 0 | S24: 0 | T24: 0 | U24: 0 | V24: 0 | W24: 1 | X24: 0 | Y24: Yes | AC24: Bin | AD24: =LEFT(D24,2) -> CP | AE24: =_xlfn.XLOOKUP(D24,Mapping!A:A,Mapping!D:D,0,0) -> Bin | AF24: =IFERROR(IF(SEARCH("_TJ",D24)>0,"TJ",NA()),IFERROR(IF(SEARCH("_JB",D24)>0,"JB",NA()),"OLD")) -> OLD
A25: 13th+14th | B25: PAUSED | C25: 1011813352 | D25: CPA - AI - Video-IS - Desktop - Mexico | E25: nsfw | F25: 0.67291667 | G25: In-Stream Video | H25: TJX | I25: desktop | J25: GEO,Frequency,BrowserLanguage,Segment | K25: 215 | L25: 0 | M25: Yes | N25: Unlimited | O25: 0 | P25: 0 | Q25: 0 | S25: 0 | T25: 0 | U25: 0 | V25: 0 | W25: 1 | X25: 0 | Y25: Yes | AC25: Bin | AD25: =LEFT(D25,2) -> CP | AE25: =_xlfn.XLOOKUP(D25,Mapping!A:A,Mapping!D:D,0,0) -> Bin | AF25: =IFERROR(IF(SEARCH("_TJ",D25)>0,"TJ",NA()),IFERROR(IF(SEARCH("_JB",D25)>0,"JB",NA()),"OLD")) -> OLD
A26: 13th+14th | B26: PAUSED | C26: 1011813362 | D26: CPA - AI - Video-IS - iOS - Mexico | E26: nsfw | F26: 0.67291667 | G26: In-Stream Video | H26: TJX | I26: mobile | J26: GEO,Frequency,OS,BrowserLanguage,Segment | K26: 539 | L26: 0 | M26: Yes | N26: Unlimited | O26: 0 | P26: 0 | Q26: 0 | S26: 0 | T26: 0 | U26: 0 | V26: 0 | W26: 1 | X26: 0 | Y26: Yes | AC26: Bin | AD26: =LEFT(D26,2) -> CP | AE26: =_xlfn.XLOOKUP(D26,Mapping!A:A,Mapping!D:D,0,0) -> Bin | AF26: =IFERROR(IF(SEARCH("_TJ",D26)>0,"TJ",NA()),IFERROR(IF(SEARCH("_JB",D26)>0,"JB",NA()),"OLD")) -> OLD
A27: 13th+14th | B27: PAUSED | C27: 1011813372 | D27: CPA - AI - Video-IS - excl. iOS - Mexico | E27: nsfw | F27: 0.67291667 | G27: In-Stream Video | H27: TJX | I27: mobile | J27: GEO,Frequency,OS,BrowserLanguage,Segment | K27: 539 | L27: 0 | M27: Yes | N27: Unlimited | O27: 0 | P27: 0 | Q27: 0 | S27: 0 | T27: 0 | U27: 0 | V27: 0 | W27: 1 | X27: 0 | Y27: Yes | AC27: Bin | AD27: =LEFT(D27,2) -> CP | AE27: =_xlfn.XLOOKUP(D27,Mapping!A:A,Mapping!D:D,0,0) -> Bin | AF27: =IFERROR(IF(SEARCH("_TJ",D27)>0,"TJ",NA()),IFERROR(IF(SEARCH("_JB",D27)>0,"JB",NA()),"OLD")) -> OLD
A28: 13th+14th | B28: RUNNING | C28: 1011813382 | D28: CPA - AI - Video-IS - excl. iOS - Italy | E28: nsfw | F28: 0.67291667 | G28: In-Stream Video | H28: TJX | I28: mobile | J28: GEO,Frequency,OS,BrowserLanguage,Segment | K28: 539 | L28: 0 | M28: Yes | N28: Unlimited | O28: 91 | P28: 4 | Q28: 4.3956 | R28: 0 | S28: 0.35 | T28: 3.869 | U28: 0.088 | V28: 0 | W28: 1 | X28: 0 | Y28: Yes | Z28: 91 | AA28: 77 | AB28: 11 | AC28: Bin | AD28: =LEFT(D28,2) -> CP | AE28: =_xlfn.XLOOKUP(D28,Mapping!A:A,Mapping!D:D,0,0) -> AI | AF28: =IFERROR(IF(SEARCH("_TJ",D28)>0,"TJ",NA()),IFERROR(IF(SEARCH("_JB",D28)>0,"JB",NA()),"OLD")) -> OLD
A29: 13th+14th | B29: RUNNING | C29: 1011813392 | D29: CPA - AI - Video-IS - iOS - Italy | E29: nsfw | F29: 0.67291667 | G29: In-Stream Video | H29: TJX | I29: mobile | J29: GEO,Frequency,OS,BrowserLanguage,Segment | K29: 539 | L29: 0 | M29: Yes | N29: Unlimited | O29: 51 | P29: 3 | Q29: 5.88235 | R29: 0 | S29: 0.21 | T29: 4.037 | U29: 0.069 | V29: 0 | W29: 1 | X29: 0 | Y29: Yes | Z29: 51 | AA29: 45 | AB29: 2 | AC29: Bin | AD29: =LEFT(D29,2) -> CP | AE29: =_xlfn.XLOOKUP(D29,Mapping!A:A,Mapping!D:D,0,0) -> Keyword - Preroll | AF29: =IFERROR(IF(SEARCH("_TJ",D29)>0,"TJ",NA()),IFERROR(IF(SEARCH("_JB",D29)>0,"JB",NA()),"OLD")) -> OLD
A30: 13th+14th | B30: PAUSED | C30: 1011813402 | D30: CPA - AI - Video-IS - Desktop - Italy | E30: nsfw | F30: 0.67291667 | G30: In-Stream Video | H30: TJX | I30: desktop | J30: GEO,Frequency,BrowserLanguage,Segment | K30: 240 | L30: 0 | M30: Yes | N30: Unlimited | O30: 0 | P30: 0 | Q30: 0 | S30: 0 | T30: 0 | U30: 0 | V30: 0 | W30: 1 | X30: 0 | Y30: Yes | AC30: Bin | AD30: =LEFT(D30,2) -> CP | AE30: =_xlfn.XLOOKUP(D30,Mapping!A:A,Mapping!D:D,0,0) -> Bin | AF30: =IFERROR(IF(SEARCH("_TJ",D30)>0,"TJ",NA()),IFERROR(IF(SEARCH("_JB",D30)>0,"JB",NA()),"OLD")) -> OLD
A31: 13th+14th | B31: PAUSED | C31: 1011813412 | D31: CPA - AI - Video-IS - Desktop - Japan | E31: nsfw | F31: 0.67291667 | G31: In-Stream Video | H31: TJX | I31: desktop | J31: GEO,Frequency,BrowserLanguage,Segment | K31: 215 | L31: 0 | M31: Yes | N31: Unlimited | O31: 0 | P31: 0 | Q31: 0 | S31: 0 | T31: 0 | U31: 0 | V31: 0 | W31: 1 | X31: 0 | Y31: Yes | AC31: Bin | AD31: =LEFT(D31,2) -> CP | AE31: =_xlfn.XLOOKUP(D31,Mapping!A:A,Mapping!D:D,0,0) -> Bin | AF31: =IFERROR(IF(SEARCH("_TJ",D31)>0,"TJ",NA()),IFERROR(IF(SEARCH("_JB",D31)>0,"JB",NA()),"OLD")) -> OLD
A32: 13th+14th | B32: PAUSED | C32: 1011813422 | D32: CPA - AI - Video-IS - iOS - Japan | E32: nsfw | F32: 0.67291667 | G32: In-Stream Video | H32: TJX | I32: mobile | J32: GEO,Frequency,OS,BrowserLanguage,Segment | K32: 539 | L32: 0 | M32: Yes | N32: Unlimited | O32: 0 | P32: 0 | Q32: 0 | S32: 0 | T32: 0 | U32: 0 | V32: 0 | W32: 1 | X32: 0 | Y32: Yes | AC32: Bin | AD32: =LEFT(D32,2) -> CP | AE32: =_xlfn.XLOOKUP(D32,Mapping!A:A,Mapping!D:D,0,0) -> Bin | AF32: =IFERROR(IF(SEARCH("_TJ",D32)>0,"TJ",NA()),IFERROR(IF(SEARCH("_JB",D32)>0,"JB",NA()),"OLD")) -> OLD
A33: 13th+14th | B33: PAUSED | C33: 1011813432 | D33: CPA - AI - Video-IS - Android - Japan | E33: nsfw | F33: 0.67291667 | G33: In-Stream Video | H33: TJX | I33: mobile | J33: GEO,Frequency,OS,BrowserLanguage,Segment | K33: 539 | L33: 0 | M33: Yes | N33: Unlimited | O33: 0 | P33: 0 | Q33: 0 | S33: 0 | T33: 0 | U33: 0 | V33: 0 | W33: 1 | X33: 0 | Y33: Yes | AC33: Bin | AD33: =LEFT(D33,2) -> CP | AE33: =_xlfn.XLOOKUP(D33,Mapping!A:A,Mapping!D:D,0,0) -> Bin | AF33: =IFERROR(IF(SEARCH("_TJ",D33)>0,"TJ",NA()),IFERROR(IF(SEARCH("_JB",D33)>0,"JB",NA()),"OLD")) -> OLD
A34: 13th+14th | B34: PAUSED | C34: 1011822352 | D34: CPA - AI - Shorties - Android - USA | E34: nsfw | F34: 0.38611111 | G34: In-Stream Video | H34: TJX | I34: mobile | J34: GEO,Frequency,OS,BrowserLanguage,Segment | K34: 2 | L34: 0 | M34: Yes | N34: Unlimited | O34: 0 | P34: 0 | Q34: 0 | S34: 0 | T34: 0 | U34: 0 | V34: 0 | W34: 1 | X34: 0 | Y34: Yes | AC34: Bin | AD34: =LEFT(D34,2) -> CP | AE34: =_xlfn.XLOOKUP(D34,Mapping!A:A,Mapping!D:D,0,0) -> Bin | AF34: =IFERROR(IF(SEARCH("_TJ",D34)>0,"TJ",NA()),IFERROR(IF(SEARCH("_JB",D34)>0,"JB",NA()),"OLD")) -> OLD
A35: 13th+14th | B35: PAUSED | C35: 1011822362 | D35: CPA - AI - Shorties - iOS - USA | E35: nsfw | F35: 0.38611111 | G35: In-Stream Video | H35: TJX | I35: mobile | J35: GEO,Frequency,OS,BrowserLanguage,Segment | K35: 2 | L35: 0 | M35: Yes | N35: Unlimited | O35: 0 | P35: 0 | Q35: 0 | S35: 0 | T35: 0 | U35: 0 | V35: 0 | W35: 1 | X35: 0 | Y35: Yes | AC35: Bin | AD35: =LEFT(D35,2) -> CP | AE35: =_xlfn.XLOOKUP(D35,Mapping!A:A,Mapping!D:D,0,0) -> Bin | AF35: =IFERROR(IF(SEARCH("_TJ",D35)>0,"TJ",NA()),IFERROR(IF(SEARCH("_JB",D35)>0,"JB",NA()),"OLD")) -> OLD
A36: 13th+14th | B36: PAUSED | C36: 1011822372 | D36: CPA - AI - Shorties - iOS - Aus | E36: nsfw | F36: 0.38611111 | G36: In-Stream Video | H36: TJX | I36: mobile | J36: GEO,Frequency,OS,BrowserLanguage,Segment | K36: 2 | L36: 0 | M36: Yes | N36: Unlimited | O36: 0 | P36: 0 | Q36: 0 | S36: 0 | T36: 0 | U36: 0 | V36: 0 | W36: 1 | X36: 0 | Y36: Yes | AC36: Bin | AD36: =LEFT(D36,2) -> CP | AE36: =_xlfn.XLOOKUP(D36,Mapping!A:A,Mapping!D:D,0,0) -> Bin | AF36: =IFERROR(IF(SEARCH("_TJ",D36)>0,"TJ",NA()),IFERROR(IF(SEARCH("_JB",D36)>0,"JB",NA()),"OLD")) -> OLD
A37: 13th+14th | B37: PAUSED | C37: 1011822382 | D37: CPA - AI - Shorties - Android - Aus | E37: nsfw | F37: 0.38611111 | G37: In-Stream Video | H37: TJX | I37: mobile | J37: GEO,Frequency,OS,BrowserLanguage,Segment | K37: 2 | L37: 0 | M37: Yes | N37: Unlimited | O37: 0 | P37: 0 | Q37: 0 | S37: 0 | T37: 0 | U37: 0 | V37: 0 | W37: 1 | X37: 0 | Y37: Yes | AC37: Bin | AD37: =LEFT(D37,2) -> CP | AE37: =_xlfn.XLOOKUP(D37,Mapping!A:A,Mapping!D:D,0,0) -> Bin | AF37: =IFERROR(IF(SEARCH("_TJ",D37)>0,"TJ",NA()),IFERROR(IF(SEARCH("_JB",D37)>0,"JB",NA()),"OLD")) -> OLD
A38: 13th+14th | B38: PAUSED | C38: 1011822392 | D38: CPA - JOI - Video-IS - iOS - USA | E38: nsfw | F38: 0.67291667 | G38: In-Stream Video | H38: TJX | I38: mobile | J38: GEO,Frequency,Keyword,OS,BrowserLanguage | K38: 72 | L38: 0 | M38: No | N38: 100 | O38: 0 | P38: 0 | Q38: 0 | S38: 0 | T38: 0 | U38: 0 | V38: 0 | W38: 1 | X38: 0 | Y38: Yes | AC38: Bin | AD38: =LEFT(D38,2) -> CP | AE38: =_xlfn.XLOOKUP(D38,Mapping!A:A,Mapping!D:D,0,0) -> Bin | AF38: =IFERROR(IF(SEARCH("_TJ",D38)>0,"TJ",NA()),IFERROR(IF(SEARCH("_JB",D38)>0,"JB",NA()),"OLD")) -> OLD
A39: 13th+14th | B39: PAUSED | C39: 1011822412 | D39: CPA - JOI - Video-IS - Desktop - USA - BROKEN | E39: nsfw | F39: 0.67291667 | G39: In-Stream Video | H39: TJX | I39: desktop | J39: GEO,Frequency,Keyword,BrowserLanguage | K39: 140 | L39: 0 | M39: Yes | N39: Unlimited | O39: 0 | P39: 0 | Q39: 0 | S39: 0 | T39: 0 | U39: 0 | V39: 0 | W39: 1 | X39: 0 | Y39: Yes | AC39: Bin | AD39: =LEFT(D39,2) -> CP | AE39: =_xlfn.XLOOKUP(D39,Mapping!A:A,Mapping!D:D,0,0) -> Bin | AF39: =IFERROR(IF(SEARCH("_TJ",D39)>0,"TJ",NA()),IFERROR(IF(SEARCH("_JB",D39)>0,"JB",NA()),"OLD")) -> OLD
A40: 13th+14th | B40: PAUSED | C40: 1011822422 | D40: CPA - JOI - Video-IS - Android - Aus | E40: nsfw | F40: 0.67291667 | G40: In-Stream Video | H40: TJX | I40: mobile | J40: GEO,Frequency,Keyword,OS,BrowserLanguage | K40: 468 | L40: 0 | M40: Yes | N40: Unlimited | O40: 0 | P40: 0 | Q40: 0 | S40: 0 | T40: 0 | U40: 0 | V40: 0 | W40: 1 | X40: 0 | Y40: Yes | AC40: Bin | AD40: =LEFT(D40,2) -> CP | AE40: =_xlfn.XLOOKUP(D40,Mapping!A:A,Mapping!D:D,0,0) -> Bin | AF40: =IFERROR(IF(SEARCH("_TJ",D40)>0,"TJ",NA()),IFERROR(IF(SEARCH("_JB",D40)>0,"JB",NA()),"OLD")) -> OLD
A41: 13th+14th | B41: PAUSED | C41: 1011822432 | D41: CPA - JOI - Video-IS - iOS - Aus | E41: nsfw | F41: 0.67291667 | G41: In-Stream Video | H41: TJX | I41: mobile | J41: GEO,Frequency,Keyword,BrowserLanguage | K41: 468 | L41: 0 | M41: Yes | N41: Unlimited | O41: 0 | P41: 0 | Q41: 0 | S41: 0 | T41: 0 | U41: 0 | V41: 0 | W41: 1 | X41: 0 | Y41: Yes | AC41: Bin | AD41: =LEFT(D41,2) -> CP | AE41: =_xlfn.XLOOKUP(D41,Mapping!A:A,Mapping!D:D,0,0) -> Bin | AF41: =IFERROR(IF(SEARCH("_TJ",D41)>0,"TJ",NA()),IFERROR(IF(SEARCH("_JB",D41)>0,"JB",NA()),"OLD")) -> OLD
A42: 13th+14th | B42: PAUSED | C42: 1011822442 | D42: CPA - JOI - Video-IS - Desktop - Aus | E42: nsfw | F42: 0.67291667 | G42: In-Stream Video | H42: TJX | I42: desktop | J42: GEO,Frequency,Keyword,BrowserLanguage | K42: 88 | L42: 0 | M42: No | N42: 500 | O42: 0 | P42: 0 | Q42: 0 | S42: 0 | T42: 0 | U42: 0 | V42: 0 | W42: 1 | X42: 0 | Y42: Yes | AC42: Bin | AD42: =LEFT(D42,2) -> CP | AE42: =_xlfn.XLOOKUP(D42,Mapping!A:A,Mapping!D:D,0,0) -> Bin | AF42: =IFERROR(IF(SEARCH("_TJ",D42)>0,"TJ",NA()),IFERROR(IF(SEARCH("_JB",D42)>0,"JB",NA()),"OLD")) -> OLD
A43: 13th+14th | B43: PAUSED | C43: 1011822452 | D43: CPA - JOI - Video-IS - Desktop - UK | E43: nsfw | F43: 0.67291667 | G43: In-Stream Video | H43: TJX | I43: desktop | J43: GEO,Frequency,Keyword,BrowserLanguage | K43: 88 | L43: 0 | M43: No | N43: 500 | O43: 0 | P43: 0 | Q43: 0 | S43: 0 | T43: 0 | U43: 0 | V43: 0 | W43: 1 | X43: 0 | Y43: Yes | AC43: Bin | AD43: =LEFT(D43,2) -> CP | AE43: =_xlfn.XLOOKUP(D43,Mapping!A:A,Mapping!D:D,0,0) -> Bin | AF43: =IFERROR(IF(SEARCH("_TJ",D43)>0,"TJ",NA()),IFERROR(IF(SEARCH("_JB",D43)>0,"JB",NA()),"OLD")) -> OLD
A44: 13th+14th | B44: PAUSED | C44: 1011822462 | D44: CPA - JOI - Video-IS - iOS - UK | E44: nsfw | F44: 0.67291667 | G44: In-Stream Video | H44: TJX | I44: mobile | J44: GEO,Frequency,Keyword,BrowserLanguage | K44: 72 | L44: 0 | M44: No | N44: 100 | O44: 0 | P44: 0 | Q44: 0 | S44: 0 | T44: 0 | U44: 0 | V44: 0 | W44: 1 | X44: 0 | Y44: Yes | AC44: Bin | AD44: =LEFT(D44,2) -> CP | AE44: =_xlfn.XLOOKUP(D44,Mapping!A:A,Mapping!D:D,0,0) -> Bin | AF44: =IFERROR(IF(SEARCH("_TJ",D44)>0,"TJ",NA()),IFERROR(IF(SEARCH("_JB",D44)>0,"JB",NA()),"OLD")) -> OLD
A45: 13th+14th | B45: PAUSED | C45: 1011822472 | D45: CPA - JOI - Video-IS - Android - UK | E45: nsfw | F45: 0.67291667 | G45: In-Stream Video | H45: TJX | I45: mobile | J45: GEO,Frequency,Keyword,OS,BrowserLanguage | K45: 468 | L45: 0 | M45: Yes | N45: Unlimited | O45: 0 | P45: 0 | Q45: 0 | S45: 0 | T45: 0 | U45: 0 | V45: 0 | W45: 1 | X45: 0 | Y45: Yes | AC45: Bin | AD45: =LEFT(D45,2) -> CP | AE45: =_xlfn.XLOOKUP(D45,Mapping!A:A,Mapping!D:D,0,0) -> Bin | AF45: =IFERROR(IF(SEARCH("_TJ",D45)>0,"TJ",NA()),IFERROR(IF(SEARCH("_JB",D45)>0,"JB",NA()),"OLD")) -> OLD
A46: 13th+14th | B46: PAUSED | C46: 1011822482 | D46: CPA - JOI - Video-IS - Desktop - Canada | E46: nsfw | F46: 0.67291667 | G46: In-Stream Video | H46: TJX | I46: desktop | J46: GEO,Frequency,Keyword,BrowserLanguage | K46: 268 | L46: 0 | M46: Yes | N46: Unlimited | O46: 0 | P46: 0 | Q46: 0 | S46: 0 | T46: 0 | U46: 0 | V46: 0 | W46: 1 | X46: 0 | Y46: Yes | AC46: Bin | AD46: =LEFT(D46,2) -> CP | AE46: =_xlfn.XLOOKUP(D46,Mapping!A:A,Mapping!D:D,0,0) -> Bin | AF46: =IFERROR(IF(SEARCH("_TJ",D46)>0,"TJ",NA()),IFERROR(IF(SEARCH("_JB",D46)>0,"JB",NA()),"OLD")) -> OLD
A47: 13th+14th | B47: PAUSED | C47: 1011822492 | D47: CPA - JOI - Video-IS - iOS - Canada | E47: nsfw | F47: 0.67291667 | G47: In-Stream Video | H47: TJX | I47: mobile | J47: GEO,Frequency,Keyword,BrowserLanguage | K47: 72 | L47: 0 | M47: Yes | N47: Unlimited | O47: 0 | P47: 0 | Q47: 0 | S47: 0 | T47: 0 | U47: 0 | V47: 0 | W47: 1 | X47: 0 | Y47: Yes | AC47: Bin | AD47: =LEFT(D47,2) -> CP | AE47: =_xlfn.XLOOKUP(D47,Mapping!A:A,Mapping!D:D,0,0) -> Bin | AF47: =IFERROR(IF(SEARCH("_TJ",D47)>0,"TJ",NA()),IFERROR(IF(SEARCH("_JB",D47)>0,"JB",NA()),"OLD")) -> OLD
A48: 13th+14th | B48: PAUSED | C48: 1011822502 | D48: CPA - JOI - Video-IS - Android - Canada - BROKEN | E48: nsfw | F48: 0.67291667 | G48: In-Stream Video | H48: TJX | I48: mobile | J48: GEO,Frequency,Keyword,OS,BrowserLanguage | K48: 308 | L48: 0 | M48: Yes | N48: Unlimited | O48: 0 | P48: 0 | Q48: 0 | S48: 0 | T48: 0 | U48: 0 | V48: 0 | W48: 1 | X48: 0 | Y48: Yes | AC48: Bin | AD48: =LEFT(D48,2) -> CP | AE48: =_xlfn.XLOOKUP(D48,Mapping!A:A,Mapping!D:D,0,0) -> Bin | AF48: =IFERROR(IF(SEARCH("_TJ",D48)>0,"TJ",NA()),IFERROR(IF(SEARCH("_JB",D48)>0,"JB",NA()),"OLD")) -> OLD
A49: 13th+14th | B49: PAUSED | C49: 1011822512 | D49: CPA - Furry - Video-IS - iOS - USA | E49: nsfw | F49: 0.67291667 | G49: In-Stream Video | H49: TJX | I49: mobile | J49: GEO,Frequency,Keyword,OS,BrowserLanguage | K49: 126 | L49: 0 | M49: Yes | N49: Unlimited | O49: 0 | P49: 0 | Q49: 0 | S49: 0 | T49: 0 | U49: 0 | V49: 0 | W49: 1 | X49: 0 | Y49: Yes | AC49: Bin | AD49: =LEFT(D49,2) -> CP | AE49: =_xlfn.XLOOKUP(D49,Mapping!A:A,Mapping!D:D,0,0) -> Keyword - Preroll | AF49: =IFERROR(IF(SEARCH("_TJ",D49)>0,"TJ",NA()),IFERROR(IF(SEARCH("_JB",D49)>0,"JB",NA()),"OLD")) -> OLD
A50: 13th+14th | B50: RUNNING | C50: 1011822522 | D50: CPA - Furry - Video-IS - Desktop - USA | E50: nsfw | F50: 0.67291667 | G50: In-Stream Video | H50: TJX | I50: desktop | J50: GEO,Frequency,Keyword,BrowserLanguage | K50: 65 | L50: 0 | M50: Yes | N50: Unlimited | O50: 584 | P50: 38 | Q50: 6.50685 | R50: 0 | S50: 1.74 | T50: 2.981 | U50: 0.046 | V50: 0 | W50: 1 | X50: 0 | Y50: Yes | Z50: 584 | AA50: 454 | AB50: 64 | AC50: Furry | AD50: =LEFT(D50,2) -> CP | AE50: =_xlfn.XLOOKUP(D50,Mapping!A:A,Mapping!D:D,0,0) -> Furry | AF50: =IFERROR(IF(SEARCH("_TJ",D50)>0,"TJ",NA()),IFERROR(IF(SEARCH("_JB",D50)>0,"JB",NA()),"OLD")) -> OLD
A51: 13th+14th | B51: PAUSED | C51: 1011822532 | D51: CPA - Furry - Video-IS - Desktop - Canada | E51: nsfw | F51: 0.67291667 | G51: In-Stream Video | H51: TJX | I51: desktop | J51: GEO,Frequency,Keyword,BrowserLanguage | K51: 273 | L51: 0 | M51: Yes | N51: Unlimited | O51: 0 | P51: 0 | Q51: 0 | S51: 0 | T51: 0 | U51: 0 | V51: 0 | W51: 1 | X51: 0 | Y51: Yes | AC51: Bin | AD51: =LEFT(D51,2) -> CP | AE51: =_xlfn.XLOOKUP(D51,Mapping!A:A,Mapping!D:D,0,0) -> Keyword - Preroll | AF51: =IFERROR(IF(SEARCH("_TJ",D51)>0,"TJ",NA()),IFERROR(IF(SEARCH("_JB",D51)>0,"JB",NA()),"OLD")) -> OLD
A52: 13th+14th | B52: PAUSED | C52: 1011822542 | D52: CPA - Furry - Video-IS - iOS - Canada - BROKEN | E52: nsfw | F52: 0.67291667 | G52: In-Stream Video | H52: TJX | I52: mobile | J52: GEO,Frequency,Keyword,OS,BrowserLanguage | K52: 308 | L52: 0 | M52: Yes | N52: Unlimited | O52: 0 | P52: 0 | Q52: 0 | S52: 0 | T52: 0 | U52: 0 | V52: 0 | W52: 1 | X52: 0 | Y52: Yes | AC52: Bin | AD52: =LEFT(D52,2) -> CP | AE52: =_xlfn.XLOOKUP(D52,Mapping!A:A,Mapping!D:D,0,0) -> Bin | AF52: =IFERROR(IF(SEARCH("_TJ",D52)>0,"TJ",NA()),IFERROR(IF(SEARCH("_JB",D52)>0,"JB",NA()),"OLD")) -> OLD
A53: 13th+14th | B53: PAUSED | C53: 1011822552 | D53: CPA - Furry - Video-IS - Android - Canada | E53: nsfw | F53: 0.67291667 | G53: In-Stream Video | H53: TJX | I53: mobile | J53: GEO,Frequency,Keyword,OS,BrowserLanguage | K53: 126 | L53: 0 | M53: No | N53: 100 | O53: 0 | P53: 0 | Q53: 0 | S53: 0 | T53: 0 | U53: 0 | V53: 0 | W53: 1 | X53: 0 | Y53: Yes | AC53: Bin | AD53: =LEFT(D53,2) -> CP | AE53: =_xlfn.XLOOKUP(D53,Mapping!A:A,Mapping!D:D,0,0) -> Bin | AF53: =IFERROR(IF(SEARCH("_TJ",D53)>0,"TJ",NA()),IFERROR(IF(SEARCH("_JB",D53)>0,"JB",NA()),"OLD")) -> OLD
A54: 13th+14th | B54: PAUSED | C54: 1011822562 | D54: CPAa - Furry - Video-IS - Desktop - Aus | E54: nsfw | F54: 0.67291667 | G54: In-Stream Video | H54: TJX | I54: desktop | J54: GEO,Frequency,Keyword,BrowserLanguage | K54: 273 | L54: 0 | M54: Yes | N54: Unlimited | O54: 0 | P54: 0 | Q54: 0 | S54: 0 | T54: 0 | U54: 0 | V54: 0 | W54: 1 | X54: 0 | Y54: Yes | AC54: Bin | AD54: =LEFT(D54,2) -> CP | AE54: =_xlfn.XLOOKUP(D54,Mapping!A:A,Mapping!D:D,0,0) -> Bin | AF54: =IFERROR(IF(SEARCH("_TJ",D54)>0,"TJ",NA()),IFERROR(IF(SEARCH("_JB",D54)>0,"JB",NA()),"OLD")) -> OLD
A55: 13th+14th | B55: PAUSED | C55: 1011822572 | D55: CPA - Furry - Video-IS - iOS - Aus | E55: nsfw | F55: 0.67291667 | G55: In-Stream Video | H55: TJX | I55: mobile | J55: GEO,Frequency,Keyword,OS,BrowserLanguage | K55: 522 | L55: 0 | M55: Yes | N55: Unlimited | O55: 0 | P55: 0 | Q55: 0 | S55: 0 | T55: 0 | U55: 0 | V55: 0 | W55: 1 | X55: 0 | Y55: Yes | AC55: Bin | AD55: =LEFT(D55,2) -> CP | AE55: =_xlfn.XLOOKUP(D55,Mapping!A:A,Mapping!D:D,0,0) -> Keyword - Preroll | AF55: =IFERROR(IF(SEARCH("_TJ",D55)>0,"TJ",NA()),IFERROR(IF(SEARCH("_JB",D55)>0,"JB",NA()),"OLD")) -> OLD
A56: 13th+14th | B56: PAUSED | C56: 1011822582 | D56: CPA - Furry - Video-IS - Android - Aus | E56: nsfw | F56: 0.67291667 | G56: In-Stream Video | H56: TJX | I56: mobile | J56: GEO,Frequency,Keyword,OS,BrowserLanguage | K56: 126 | L56: 0 | M56: No | N56: 100 | O56: 0 | P56: 0 | Q56: 0 | S56: 0 | T56: 0 | U56: 0 | V56: 0 | W56: 1 | X56: 0 | Y56: Yes | AC56: Bin | AD56: =LEFT(D56,2) -> CP | AE56: =_xlfn.XLOOKUP(D56,Mapping!A:A,Mapping!D:D,0,0) -> Bin | AF56: =IFERROR(IF(SEARCH("_TJ",D56)>0,"TJ",NA()),IFERROR(IF(SEARCH("_JB",D56)>0,"JB",NA()),"OLD")) -> OLD
A57: 13th+14th | B57: PAUSED | C57: 1011822592 | D57: CPA - Furry - Video-IS - Desktop - UK | E57: nsfw | F57: 0.67291667 | G57: In-Stream Video | H57: TJX | I57: desktop | J57: GEO,Frequency,Keyword,BrowserLanguage | K57: 273 | L57: 0 | M57: Yes | N57: Unlimited | O57: 0 | P57: 0 | Q57: 0 | S57: 0 | T57: 0 | U57: 0 | V57: 0 | W57: 1 | X57: 0 | Y57: Yes | AC57: Bin | AD57: =LEFT(D57,2) -> CP | AE57: =_xlfn.XLOOKUP(D57,Mapping!A:A,Mapping!D:D,0,0) -> Keyword - Preroll | AF57: =IFERROR(IF(SEARCH("_TJ",D57)>0,"TJ",NA()),IFERROR(IF(SEARCH("_JB",D57)>0,"JB",NA()),"OLD")) -> OLD
A58: 13th+14th | B58: PAUSED | C58: 1011822602 | D58: CPA - Furry - Video-IS - iOS - UK | E58: nsfw | F58: 0.67291667 | G58: In-Stream Video | H58: TJX | I58: mobile | J58: GEO,Frequency,Keyword,OS,BrowserLanguage | K58: 522 | L58: 0 | M58: Yes | N58: Unlimited | O58: 0 | P58: 0 | Q58: 0 | S58: 0 | T58: 0 | U58: 0 | V58: 0 | W58: 1 | X58: 0 | Y58: Yes | AC58: Bin | AD58: =LEFT(D58,2) -> CP | AE58: =_xlfn.XLOOKUP(D58,Mapping!A:A,Mapping!D:D,0,0) -> Bin | AF58: =IFERROR(IF(SEARCH("_TJ",D58)>0,"TJ",NA()),IFERROR(IF(SEARCH("_JB",D58)>0,"JB",NA()),"OLD")) -> OLD
A59: 13th+14th | B59: PAUSED | C59: 1011822612 | D59: CPA - Furry - Video-IS - Android - UK | E59: nsfw | F59: 0.67291667 | G59: In-Stream Video | H59: TJX | I59: mobile | J59: GEO,Frequency,Keyword,OS,BrowserLanguage | K59: 126 | L59: 0 | M59: No | N59: 100 | O59: 0 | P59: 0 | Q59: 0 | S59: 0 | T59: 0 | U59: 0 | V59: 0 | W59: 1 | X59: 0 | Y59: Yes | AC59: Bin | AD59: =LEFT(D59,2) -> CP | AE59: =_xlfn.XLOOKUP(D59,Mapping!A:A,Mapping!D:D,0,0) -> Bin | AF59: =IFERROR(IF(SEARCH("_TJ",D59)>0,"TJ",NA()),IFERROR(IF(SEARCH("_JB",D59)>0,"JB",NA()),"OLD")) -> OLD
A60: 13th+14th | B60: PAUSED | C60: 1011822642 | D60: CPA - VTuber - Video-IS - iOS - USA | E60: nsfw | F60: 0.67291667 | G60: In-Stream Video | H60: TJX | I60: mobile | J60: GEO,Frequency,Keyword,OS,BrowserLanguage | K60: 616 | L60: 0 | M60: Yes | N60: Unlimited | O60: 0 | P60: 0 | Q60: 0 | S60: 0 | T60: 0 | U60: 0 | V60: 0 | W60: 1 | X60: 0 | Y60: Yes | AC60: Bin | AD60: =LEFT(D60,2) -> CP | AE60: =_xlfn.XLOOKUP(D60,Mapping!A:A,Mapping!D:D,0,0) -> Bin | AF60: =IFERROR(IF(SEARCH("_TJ",D60)>0,"TJ",NA()),IFERROR(IF(SEARCH("_JB",D60)>0,"JB",NA()),"OLD")) -> OLD
A61: 13th+14th | B61: PAUSED | C61: 1011822652 | D61: CPA - Compilation - Video-IS - iOS - USA | E61: nsfw | F61: 0.67291667 | G61: In-Stream Video | H61: TJX | I61: mobile | J61: GEO,Frequency,Keyword,OS,BrowserLanguage | K61: 616 | L61: 0 | M61: No | N61: 200 | O61: 0 | P61: 0 | Q61: 0 | S61: 0 | T61: 0 | U61: 0 | V61: 0 | W61: 1 | X61: 0 | Y61: Yes | AC61: Bin | AD61: =LEFT(D61,2) -> CP | AE61: =_xlfn.XLOOKUP(D61,Mapping!A:A,Mapping!D:D,0,0) -> Bin | AF61: =IFERROR(IF(SEARCH("_TJ",D61)>0,"TJ",NA()),IFERROR(IF(SEARCH("_JB",D61)>0,"JB",NA()),"OLD")) -> OLD
A62: 13th+14th | B62: PAUSED | C62: 1011822662 | D62: CPA - Cuck - Video-IS - iOS - USA | E62: nsfw | F62: 0.67291667 | G62: In-Stream Video | H62: TJX | I62: mobile | J62: GEO,Frequency,Keyword,OS,BrowserLanguage | K62: 220 | L62: 0 | M62: No | N62: 200 | O62: 0 | P62: 0 | Q62: 0 | S62: 0 | T62: 0 | U62: 0 | V62: 0 | W62: 1 | X62: 0 | Y62: Yes | AC62: Bin | AD62: =LEFT(D62,2) -> CP | AE62: =_xlfn.XLOOKUP(D62,Mapping!A:A,Mapping!D:D,0,0) -> Bin | AF62: =IFERROR(IF(SEARCH("_TJ",D62)>0,"TJ",NA()),IFERROR(IF(SEARCH("_JB",D62)>0,"JB",NA()),"OLD")) -> OLD
A63: 13th+14th | B63: PAUSED | C63: 1011822672 | D63: CPA - Gaming - Video-IS - iOS - USA | E63: nsfw | F63: 0.67291667 | G63: In-Stream Video | H63: TJX | I63: mobile | J63: GEO,Frequency,Keyword,OS,BrowserLanguage | K63: 220 | L63: 0 | M63: Yes | N63: Unlimited | O63: 0 | P63: 0 | Q63: 0 | S63: 0 | T63: 0 | U63: 0 | V63: 0 | W63: 1 | X63: 0 | Y63: Yes | AC63: Bin | AD63: =LEFT(D63,2) -> CP | AE63: =_xlfn.XLOOKUP(D63,Mapping!A:A,Mapping!D:D,0,0) -> Bin | AF63: =IFERROR(IF(SEARCH("_TJ",D63)>0,"TJ",NA()),IFERROR(IF(SEARCH("_JB",D63)>0,"JB",NA()),"OLD")) -> OLD
A64: 13th+14th | B64: PAUSED | C64: 1011822682 | D64: CPA - POV - Video-IS - iOS - USA | E64: nsfw | F64: 0.67291667 | G64: In-Stream Video | H64: TJX | I64: mobile | J64: GEO,Frequency,Keyword,OS,BrowserLanguage | K64: 220 | L64: 0 | M64: No | N64: 200 | O64: 0 | P64: 0 | Q64: 0 | S64: 0 | T64: 0 | U64: 0 | V64: 0 | W64: 1 | X64: 0 | Y64: Yes | AC64: Bin | AD64: =LEFT(D64,2) -> CP | AE64: =_xlfn.XLOOKUP(D64,Mapping!A:A,Mapping!D:D,0,0) -> Bin | AF64: =IFERROR(IF(SEARCH("_TJ",D64)>0,"TJ",NA()),IFERROR(IF(SEARCH("_JB",D64)>0,"JB",NA()),"OLD")) -> OLD
A65: 13th+14th | B65: PAUSED | C65: 1011822692 | D65: CPA - Romantic - Video-IS - iOS - USA | E65: nsfw | F65: 0.67291667 | G65: In-Stream Video | H65: TJX | I65: mobile | J65: GEO,Frequency,Keyword,OS,BrowserLanguage | K65: 220 | L65: 0 | M65: Yes | N65: Unlimited | O65: 0 | P65: 0 | Q65: 0 | S65: 0 | T65: 0 | U65: 0 | V65: 0 | W65: 1 | X65: 0 | Y65: Yes | AC65: Bin | AD65: =LEFT(D65,2) -> CP | AE65: =_xlfn.XLOOKUP(D65,Mapping!A:A,Mapping!D:D,0,0) -> Bin | AF65: =IFERROR(IF(SEARCH("_TJ",D65)>0,"TJ",NA()),IFERROR(IF(SEARCH("_JB",D65)>0,"JB",NA()),"OLD")) -> OLD
A66: 13th+14th | B66: PAUSED | C66: 1011822702 | D66: CPA - Roleplay - Video-IS - iOS - USA | E66: nsfw | F66: 0.67291667 | G66: In-Stream Video | H66: TJX | I66: mobile | J66: GEO,Frequency,Keyword,OS,BrowserLanguage | K66: 220 | L66: 0 | M66: No | N66: 200 | O66: 0 | P66: 0 | Q66: 0 | S66: 0 | T66: 0 | U66: 0 | V66: 0 | W66: 1 | X66: 0 | Y66: Yes | AC66: Bin | AD66: =LEFT(D66,2) -> CP | AE66: =_xlfn.XLOOKUP(D66,Mapping!A:A,Mapping!D:D,0,0) -> Bin | AF66: =IFERROR(IF(SEARCH("_TJ",D66)>0,"TJ",NA()),IFERROR(IF(SEARCH("_JB",D66)>0,"JB",NA()),"OLD")) -> OLD
A67: 13th+14th | B67: PAUSED | C67: 1011822712 | D67: CPAa - Fantasy - Video-IS - iOS - USA | E67: nsfw | F67: 0.67291667 | G67: In-Stream Video | H67: TJX | I67: mobile | J67: GEO,Frequency,Keyword,OS,BrowserLanguage | K67: 748 | L67: 0 | M67: Yes | N67: Unlimited | O67: 0 | P67: 0 | Q67: 0 | S67: 0 | T67: 0 | U67: 0 | V67: 0 | W67: 1 | X67: 0 | Y67: Yes | AC67: Bin | AD67: =LEFT(D67,2) -> CP | AE67: =_xlfn.XLOOKUP(D67,Mapping!A:A,Mapping!D:D,0,0) -> Bin | AF67: =IFERROR(IF(SEARCH("_TJ",D67)>0,"TJ",NA()),IFERROR(IF(SEARCH("_JB",D67)>0,"JB",NA()),"OLD")) -> OLD
A68: 13th+14th | B68: PAUSED | C68: 1011822722 | D68: CPA - Webcam - Video-IS - iOS - USA | E68: nsfw | F68: 0.67291667 | G68: In-Stream Video | H68: TJX | I68: mobile | J68: GEO,Frequency,Keyword,OS,BrowserLanguage | K68: 616 | L68: 0 | M68: Yes | N68: Unlimited | O68: 0 | P68: 0 | Q68: 0 | S68: 0 | T68: 0 | U68: 0 | V68: 0 | W68: 1 | X68: 0 | Y68: Yes | AC68: Bin | AD68: =LEFT(D68,2) -> CP | AE68: =_xlfn.XLOOKUP(D68,Mapping!A:A,Mapping!D:D,0,0) -> Bin | AF68: =IFERROR(IF(SEARCH("_TJ",D68)>0,"TJ",NA()),IFERROR(IF(SEARCH("_JB",D68)>0,"JB",NA()),"OLD")) -> OLD
A69: 13th+14th | B69: PAUSED | C69: 1011822732 | D69: CPA - Gameshow - Video-IS - iOS - USA | E69: nsfw | F69: 0.67291667 | G69: In-Stream Video | H69: TJX | I69: mobile | J69: GEO,Frequency,Keyword,OS,BrowserLanguage | K69: 616 | L69: 0 | M69: No | N69: 200 | O69: 0 | P69: 0 | Q69: 0 | S69: 0 | T69: 0 | U69: 0 | V69: 0 | W69: 1 | X69: 0 | Y69: Yes | AC69: Bin | AD69: =LEFT(D69,2) -> CP | AE69: =_xlfn.XLOOKUP(D69,Mapping!A:A,Mapping!D:D,0,0) -> Bin | AF69: =IFERROR(IF(SEARCH("_TJ",D69)>0,"TJ",NA()),IFERROR(IF(SEARCH("_JB",D69)>0,"JB",NA()),"OLD")) -> OLD
A70: 13th+14th | B70: PAUSED | C70: 1011822742 | D70: CPA - Jav - Video-IS - iOS - USA | E70: nsfw | F70: 0.67291667 | G70: In-Stream Video | H70: TJX | I70: mobile | J70: GEO,Frequency,Keyword,OS,BrowserLanguage | K70: 220 | L70: 0 | M70: Yes | N70: Unlimited | O70: 0 | P70: 0 | Q70: 0 | S70: 0 | T70: 0 | U70: 0 | V70: 0 | W70: 1 | X70: 0 | Y70: Yes | AC70: Bin | AD70: =LEFT(D70,2) -> CP | AE70: =_xlfn.XLOOKUP(D70,Mapping!A:A,Mapping!D:D,0,0) -> Bin | AF70: =IFERROR(IF(SEARCH("_TJ",D70)>0,"TJ",NA()),IFERROR(IF(SEARCH("_JB",D70)>0,"JB",NA()),"OLD")) -> OLD
A71: 13th+14th | B71: PAUSED | C71: 1011822762 | D71: CPA - Casting - Video-IS - iOS - USA | E71: nsfw | F71: 0.67291667 | G71: In-Stream Video | H71: TJX | I71: mobile | J71: GEO,Frequency,Keyword,OS,BrowserLanguage | K71: 748 | L71: 0 | M71: Yes | N71: Unlimited | O71: 0 | P71: 0 | Q71: 0 | S71: 0 | T71: 0 | U71: 0 | V71: 0 | W71: 1 | X71: 0 | Y71: Yes | AC71: Bin | AD71: =LEFT(D71,2) -> CP | AE71: =_xlfn.XLOOKUP(D71,Mapping!A:A,Mapping!D:D,0,0) -> Bin | AF71: =IFERROR(IF(SEARCH("_TJ",D71)>0,"TJ",NA()),IFERROR(IF(SEARCH("_JB",D71)>0,"JB",NA()),"OLD")) -> OLD
A72: 13th+14th | B72: PAUSED | C72: 1011822772 | D72: CPA - FinDom - Video-IS - iOS - USA | E72: nsfw | F72: 0.67291667 | G72: In-Stream Video | H72: TJX | I72: mobile | J72: GEO,Frequency,Keyword,OS,BrowserLanguage | K72: 99 | L72: 0 | M72: Yes | N72: Unlimited | O72: 0 | P72: 0 | Q72: 0 | S72: 0 | T72: 0 | U72: 0 | V72: 0 | W72: 1 | X72: 0 | Y72: Yes | AC72: Archive | AD72: =LEFT(D72,2) -> CP | AE72: =_xlfn.XLOOKUP(D72,Mapping!A:A,Mapping!D:D,0,0) -> Archive | AF72: =IFERROR(IF(SEARCH("_TJ",D72)>0,"TJ",NA()),IFERROR(IF(SEARCH("_JB",D72)>0,"JB",NA()),"OLD")) -> OLD
A73: 13th+14th | B73: PAUSED | C73: 1011822782 | D73: CPA - Webcams - Video-IS - iOS - USA | E73: nsfw | F73: 0.67291667 | G73: In-Stream Video | H73: TJX | I73: mobile | J73: GEO,Frequency,Keyword,OS,BrowserLanguage | K73: 220 | L73: 0 | M73: No | N73: 200 | O73: 0 | P73: 0 | Q73: 0 | S73: 0 | T73: 0 | U73: 0 | V73: 0 | W73: 1 | X73: 0 | Y73: Yes | AC73: Bin | AD73: =LEFT(D73,2) -> CP | AE73: =_xlfn.XLOOKUP(D73,Mapping!A:A,Mapping!D:D,0,0) -> Bin | AF73: =IFERROR(IF(SEARCH("_TJ",D73)>0,"TJ",NA()),IFERROR(IF(SEARCH("_JB",D73)>0,"JB",NA()),"OLD")) -> OLD
A74: 13th+14th | B74: PAUSED | C74: 1011822792 | D74: CPA - OF - Video-IS - iOS - USA | E74: nsfw | F74: 0.67291667 | G74: In-Stream Video | H74: TJX | I74: mobile | J74: GEO,Frequency,Keyword,OS,BrowserLanguage | K74: 220 | L74: 0 | M74: Yes | N74: Unlimited | O74: 0 | P74: 0 | Q74: 0 | S74: 0 | T74: 0 | U74: 0 | V74: 0 | W74: 1 | X74: 0 | Y74: Yes | AC74: Bin | AD74: =LEFT(D74,2) -> CP | AE74: =_xlfn.XLOOKUP(D74,Mapping!A:A,Mapping!D:D,0,0) -> Bin | AF74: =IFERROR(IF(SEARCH("_TJ",D74)>0,"TJ",NA()),IFERROR(IF(SEARCH("_JB",D74)>0,"JB",NA()),"OLD")) -> OLD
A75: 13th+14th | B75: PAUSED | C75: 1011822812 | D75: CPA - Trans - Video-IS - iOS - USA | E75: nsfw | F75: 0.67291667 | G75: In-Stream Video | H75: TJX | I75: mobile | J75: GEO,Frequency,OS,BrowserLanguage | K75: 242 | L75: 0 | M75: Yes | N75: Unlimited | O75: 0 | P75: 0 | Q75: 0 | S75: 0 | T75: 0 | U75: 0 | V75: 0 | W75: 1 | X75: 0 | Y75: Yes | AC75: Bin | AD75: =LEFT(D75,2) -> CP | AE75: =_xlfn.XLOOKUP(D75,Mapping!A:A,Mapping!D:D,0,0) -> Bin | AF75: =IFERROR(IF(SEARCH("_TJ",D75)>0,"TJ",NA()),IFERROR(IF(SEARCH("_JB",D75)>0,"JB",NA()),"OLD")) -> OLD
A76: 13th+14th | B76: PAUSED | C76: 1011838812 | D76: CPA - Trans - Video-IS - Desktop - USA | E76: nsfw | F76: 0.67291667 | G76: In-Stream Video | H76: TJX | I76: desktop | J76: GEO,Frequency,BrowserLanguage | K76: 170 | L76: 0 | M76: No | N76: 150 | O76: 0 | P76: 0 | Q76: 0 | S76: 0 | T76: 0 | U76: 0 | V76: 0 | W76: 1 | X76: 0 | Y76: Yes | AC76: Bin | AD76: =LEFT(D76,2) -> CP | AE76: =_xlfn.XLOOKUP(D76,Mapping!A:A,Mapping!D:D,0,0) -> Trans | AF76: =IFERROR(IF(SEARCH("_TJ",D76)>0,"TJ",NA()),IFERROR(IF(SEARCH("_JB",D76)>0,"JB",NA()),"OLD")) -> OLD
A77: 13th+14th | B77: PAUSED | C77: 1011838822 | D77: CPA - Trans - Video-IS - Android - Aus | E77: nsfw | F77: 0.67291667 | G77: In-Stream Video | H77: TJX | I77: mobile | J77: GEO,Frequency,OS,BrowserLanguage | K77: 242 | L77: 0 | M77: No | N77: 100 | O77: 0 | P77: 0 | Q77: 0 | S77: 0 | T77: 0 | U77: 0 | V77: 0 | W77: 1 | X77: 0 | Y77: Yes | AC77: Bin | AD77: =LEFT(D77,2) -> CP | AE77: =_xlfn.XLOOKUP(D77,Mapping!A:A,Mapping!D:D,0,0) -> Bin | AF77: =IFERROR(IF(SEARCH("_TJ",D77)>0,"TJ",NA()),IFERROR(IF(SEARCH("_JB",D77)>0,"JB",NA()),"OLD")) -> OLD
A78: 13th+14th | B78: PAUSED | C78: 1011838832 | D78: CPA - Trans - Video-IS - iOS - Aus | E78: nsfw | F78: 0.67291667 | G78: In-Stream Video | H78: TJX | I78: mobile | J78: GEO,Frequency,OS,BrowserLanguage | K78: 242 | L78: 0 | M78: Yes | N78: Unlimited | O78: 0 | P78: 0 | Q78: 0 | S78: 0 | T78: 0 | U78: 0 | V78: 0 | W78: 1 | X78: 0 | Y78: Yes | AC78: Bin | AD78: =LEFT(D78,2) -> CP | AE78: =_xlfn.XLOOKUP(D78,Mapping!A:A,Mapping!D:D,0,0) -> Trans | AF78: =IFERROR(IF(SEARCH("_TJ",D78)>0,"TJ",NA()),IFERROR(IF(SEARCH("_JB",D78)>0,"JB",NA()),"OLD")) -> OLD
A79: 13th+14th | B79: PAUSED | C79: 1011838852 | D79: CPA - Trans - Video-IS - Android - Canada | E79: nsfw | F79: 0.67291667 | G79: In-Stream Video | H79: TJX | I79: mobile | J79: GEO,Frequency,OS,BrowserLanguage | K79: 242 | L79: 0 | M79: Yes | N79: Unlimited | O79: 0 | P79: 0 | Q79: 0 | S79: 0 | T79: 0 | U79: 0 | V79: 0 | W79: 1 | X79: 0 | Y79: Yes | AC79: Bin | AD79: =LEFT(D79,2) -> CP | AE79: =_xlfn.XLOOKUP(D79,Mapping!A:A,Mapping!D:D,0,0) -> Bin | AF79: =IFERROR(IF(SEARCH("_TJ",D79)>0,"TJ",NA()),IFERROR(IF(SEARCH("_JB",D79)>0,"JB",NA()),"OLD")) -> OLD
A80: 13th+14th | B80: PAUSED | C80: 1011838862 | D80: CPA - Trans - Video-IS - iOS - Canada | E80: nsfw | F80: 0.67291667 | G80: In-Stream Video | H80: TJX | I80: mobile | J80: GEO,Frequency,OS,BrowserLanguage | K80: 242 | L80: 0 | M80: Yes | N80: Unlimited | O80: 0 | P80: 0 | Q80: 0 | S80: 0 | T80: 0 | U80: 0 | V80: 0 | W80: 1 | X80: 0 | Y80: Yes | AC80: Bin | AD80: =LEFT(D80,2) -> CP | AE80: =_xlfn.XLOOKUP(D80,Mapping!A:A,Mapping!D:D,0,0) -> Bin | AF80: =IFERROR(IF(SEARCH("_TJ",D80)>0,"TJ",NA()),IFERROR(IF(SEARCH("_JB",D80)>0,"JB",NA()),"OLD")) -> OLD
A81: 13th+14th | B81: PAUSED | C81: 1011838882 | D81: CPA - Trans - Video-IS - Desktop - Aus | E81: nsfw | F81: 0.67291667 | G81: In-Stream Video | H81: TJX | I81: desktop | J81: GEO,Frequency,BrowserLanguage | K81: 120 | L81: 0 | M81: Yes | N81: Unlimited | O81: 0 | P81: 0 | Q81: 0 | S81: 0 | T81: 0 | U81: 0 | V81: 0 | W81: 1 | X81: 0 | Y81: Yes | AC81: Bin | AD81: =LEFT(D81,2) -> CP | AE81: =_xlfn.XLOOKUP(D81,Mapping!A:A,Mapping!D:D,0,0) -> Trans | AF81: =IFERROR(IF(SEARCH("_TJ",D81)>0,"TJ",NA()),IFERROR(IF(SEARCH("_JB",D81)>0,"JB",NA()),"OLD")) -> OLD
A82: 13th+14th | B82: PAUSED | C82: 1011838892 | D82: CPA - Trans - Video-IS - Desktop - UK | E82: nsfw | F82: 0.67291667 | G82: In-Stream Video | H82: TJX | I82: desktop | J82: GEO,Frequency,BrowserLanguage | K82: 230 | L82: 0 | M82: Yes | N82: Unlimited | O82: 0 | P82: 0 | Q82: 0 | S82: 0 | T82: 0 | U82: 0 | V82: 0 | W82: 1 | X82: 0 | Y82: Yes | AC82: Bin | AD82: =LEFT(D82,2) -> CP | AE82: =_xlfn.XLOOKUP(D82,Mapping!A:A,Mapping!D:D,0,0) -> Trans | AF82: =IFERROR(IF(SEARCH("_TJ",D82)>0,"TJ",NA()),IFERROR(IF(SEARCH("_JB",D82)>0,"JB",NA()),"OLD")) -> OLD
A83: 13th+14th | B83: PAUSED | C83: 1011838902 | D83: CPA - Trans - Video-IS - Desktop - Canada | E83: nsfw | F83: 0.67291667 | G83: In-Stream Video | H83: TJX | I83: desktop | J83: GEO,Frequency,BrowserLanguage | K83: 170 | L83: 0 | M83: Yes | N83: Unlimited | O83: 0 | P83: 0 | Q83: 0 | S83: 0 | T83: 0 | U83: 0 | V83: 0 | W83: 1 | X83: 0 | Y83: Yes | AC83: Bin | AD83: =LEFT(D83,2) -> CP | AE83: =_xlfn.XLOOKUP(D83,Mapping!A:A,Mapping!D:D,0,0) -> Bin | AF83: =IFERROR(IF(SEARCH("_TJ",D83)>0,"TJ",NA()),IFERROR(IF(SEARCH("_JB",D83)>0,"JB",NA()),"OLD")) -> OLD
A84: 13th+14th | B84: PAUSED | C84: 1011838912 | D84: CPA - Trans - Video-IS - iOS - UK | E84: nsfw | F84: 0.67291667 | G84: In-Stream Video | H84: TJX | I84: mobile | J84: GEO,Frequency,OS,BrowserLanguage | K84: 242 | L84: 0 | M84: Yes | N84: Unlimited | O84: 0 | P84: 0 | Q84: 0 | S84: 0 | T84: 0 | U84: 0 | V84: 0 | W84: 1 | X84: 0 | Y84: Yes | AC84: Bin | AD84: =LEFT(D84,2) -> CP | AE84: =_xlfn.XLOOKUP(D84,Mapping!A:A,Mapping!D:D,0,0) -> Trans | AF84: =IFERROR(IF(SEARCH("_TJ",D84)>0,"TJ",NA()),IFERROR(IF(SEARCH("_JB",D84)>0,"JB",NA()),"OLD")) -> OLD
A85: 13th+14th | B85: PAUSED | C85: 1011838922 | D85: CPA - Trans - Video-IS - Android - UK | E85: nsfw | F85: 0.67291667 | G85: In-Stream Video | H85: TJX | I85: mobile | J85: GEO,Frequency,OS,BrowserLanguage | K85: 242 | L85: 0 | M85: Yes | N85: Unlimited | O85: 0 | P85: 0 | Q85: 0 | S85: 0 | T85: 0 | U85: 0 | V85: 0 | W85: 1 | X85: 0 | Y85: Yes | AC85: Bin | AD85: =LEFT(D85,2) -> CP | AE85: =_xlfn.XLOOKUP(D85,Mapping!A:A,Mapping!D:D,0,0) -> Bin | AF85: =IFERROR(IF(SEARCH("_TJ",D85)>0,"TJ",NA()),IFERROR(IF(SEARCH("_JB",D85)>0,"JB",NA()),"OLD")) -> OLD
A86: 13th+14th | B86: PAUSED | C86: 1011838932 | D86: CPA - Fantasy - Video-IS - Android - USA | E86: nsfw | F86: 0.67291667 | G86: In-Stream Video | H86: TJX | I86: mobile | J86: GEO,Frequency,Keyword,OS,BrowserLanguage | K86: 220 | L86: 0 | M86: No | N86: 250 | O86: 0 | P86: 0 | Q86: 0 | S86: 0 | T86: 0 | U86: 0 | V86: 0 | W86: 1 | X86: 0 | Y86: Yes | AC86: Bin | AD86: =LEFT(D86,2) -> CP | AE86: =_xlfn.XLOOKUP(D86,Mapping!A:A,Mapping!D:D,0,0) -> Bin | AF86: =IFERROR(IF(SEARCH("_TJ",D86)>0,"TJ",NA()),IFERROR(IF(SEARCH("_JB",D86)>0,"JB",NA()),"OLD")) -> OLD
A87: 13th+14th | B87: PAUSED | C87: 1011838942 | D87: CPA - Fantasy - Video-IS - Desktop - USA | E87: nsfw | F87: 0.67291667 | G87: In-Stream Video | H87: TJX | I87: desktop | J87: GEO,Frequency,Keyword,BrowserLanguage | K87: 88 | L87: 0 | M87: No | N87: 500 | O87: 0 | P87: 0 | Q87: 0 | S87: 0 | T87: 0 | U87: 0 | V87: 0 | W87: 1 | X87: 0 | Y87: Yes | AC87: Bin | AD87: =LEFT(D87,2) -> CP | AE87: =_xlfn.XLOOKUP(D87,Mapping!A:A,Mapping!D:D,0,0) -> Bin | AF87: =IFERROR(IF(SEARCH("_TJ",D87)>0,"TJ",NA()),IFERROR(IF(SEARCH("_JB",D87)>0,"JB",NA()),"OLD")) -> OLD
A88: 13th+14th | B88: PAUSED | C88: 1011838952 | D88: CPA - Fantasy - Video-IS - iOS - Aus | E88: nsfw | F88: 0.67291667 | G88: In-Stream Video | H88: TJX | I88: mobile | J88: GEO,Frequency,Keyword,OS,BrowserLanguage | K88: 748 | L88: 0 | M88: Yes | N88: Unlimited | O88: 0 | P88: 0 | Q88: 0 | S88: 0 | T88: 0 | U88: 0 | V88: 0 | W88: 1 | X88: 0 | Y88: Yes | AC88: Bin | AD88: =LEFT(D88,2) -> CP | AE88: =_xlfn.XLOOKUP(D88,Mapping!A:A,Mapping!D:D,0,0) -> Bin | AF88: =IFERROR(IF(SEARCH("_TJ",D88)>0,"TJ",NA()),IFERROR(IF(SEARCH("_JB",D88)>0,"JB",NA()),"OLD")) -> OLD
A89: 13th+14th | B89: PAUSED | C89: 1011838962 | D89: CPA - Fantasy - Video-IS - Android - Aus | E89: nsfw | F89: 0.67291667 | G89: In-Stream Video | H89: TJX | I89: mobile | J89: GEO,Frequency,Keyword,OS,BrowserLanguage | K89: 616 | L89: 0 | M89: Yes | N89: Unlimited | O89: 0 | P89: 0 | Q89: 0 | S89: 0 | T89: 0 | U89: 0 | V89: 0 | W89: 1 | X89: 0 | Y89: Yes | AC89: Bin | AD89: =LEFT(D89,2) -> CP | AE89: =_xlfn.XLOOKUP(D89,Mapping!A:A,Mapping!D:D,0,0) -> Bin | AF89: =IFERROR(IF(SEARCH("_TJ",D89)>0,"TJ",NA()),IFERROR(IF(SEARCH("_JB",D89)>0,"JB",NA()),"OLD")) -> OLD
A90: 13th+14th | B90: PAUSED | C90: 1011838972 | D90: CPA - Fantasy - Video-IS - Desktop - Aus | E90: nsfw | F90: 0.67291667 | G90: In-Stream Video | H90: TJX | I90: desktop | J90: GEO,Frequency,Keyword,BrowserLanguage | K90: 88 | L90: 0 | M90: No | N90: 500 | O90: 0 | P90: 0 | Q90: 0 | S90: 0 | T90: 0 | U90: 0 | V90: 0 | W90: 1 | X90: 0 | Y90: Yes | AC90: Bin | AD90: =LEFT(D90,2) -> CP | AE90: =_xlfn.XLOOKUP(D90,Mapping!A:A,Mapping!D:D,0,0) -> Bin | AF90: =IFERROR(IF(SEARCH("_TJ",D90)>0,"TJ",NA()),IFERROR(IF(SEARCH("_JB",D90)>0,"JB",NA()),"OLD")) -> OLD
A91: 13th+14th | B91: PAUSED | C91: 1011838982 | D91: CPA - Fantasy - Video-IS - iOS - UK | E91: nsfw | F91: 0.67291667 | G91: In-Stream Video | H91: TJX | I91: mobile | J91: GEO,Frequency,Keyword,OS,BrowserLanguage | K91: 220 | L91: 0 | M91: Yes | N91: Unlimited | O91: 0 | P91: 0 | Q91: 0 | S91: 0 | T91: 0 | U91: 0 | V91: 0 | W91: 1 | X91: 0 | Y91: Yes | AC91: Bin | AD91: =LEFT(D91,2) -> CP | AE91: =_xlfn.XLOOKUP(D91,Mapping!A:A,Mapping!D:D,0,0) -> Bin | AF91: =IFERROR(IF(SEARCH("_TJ",D91)>0,"TJ",NA()),IFERROR(IF(SEARCH("_JB",D91)>0,"JB",NA()),"OLD")) -> OLD
A92: 13th+14th | B92: PAUSED | C92: 1011838992 | D92: CPA - Fantasy - Video-IS - Android - UK | E92: nsfw | F92: 0.67291667 | G92: In-Stream Video | H92: TJX | I92: mobile | J92: GEO,Frequency,Keyword,OS,BrowserLanguage | K92: 220 | L92: 0 | M92: No | N92: 150 | O92: 0 | P92: 0 | Q92: 0 | S92: 0 | T92: 0 | U92: 0 | V92: 0 | W92: 1 | X92: 0 | Y92: Yes | AC92: Bin | AD92: =LEFT(D92,2) -> CP | AE92: =_xlfn.XLOOKUP(D92,Mapping!A:A,Mapping!D:D,0,0) -> Bin | AF92: =IFERROR(IF(SEARCH("_TJ",D92)>0,"TJ",NA()),IFERROR(IF(SEARCH("_JB",D92)>0,"JB",NA()),"OLD")) -> OLD
A93: 13th+14th | B93: PAUSED | C93: 1011839002 | D93: CPA - Fantasy - Video-IS - Desktop - UK | E93: nsfw | F93: 0.67291667 | G93: In-Stream Video | H93: TJX | I93: desktop | J93: GEO,Frequency,Keyword,BrowserLanguage | K93: 88 | L93: 0 | M93: No | N93: 500 | O93: 0 | P93: 0 | Q93: 0 | S93: 0 | T93: 0 | U93: 0 | V93: 0 | W93: 1 | X93: 0 | Y93: Yes | AC93: Bin | AD93: =LEFT(D93,2) -> CP | AE93: =_xlfn.XLOOKUP(D93,Mapping!A:A,Mapping!D:D,0,0) -> Bin | AF93: =IFERROR(IF(SEARCH("_TJ",D93)>0,"TJ",NA()),IFERROR(IF(SEARCH("_JB",D93)>0,"JB",NA()),"OLD")) -> OLD
A94: 13th+14th | B94: PAUSED | C94: 1011839012 | D94: CPA - Fantasy - Video-IS - Desktop - Canada | E94: nsfw | F94: 0.67291667 | G94: In-Stream Video | H94: TJX | I94: desktop | J94: GEO,Frequency,Keyword,BrowserLanguage | K94: 88 | L94: 0 | M94: Yes | N94: Unlimited | O94: 0 | P94: 0 | Q94: 0 | S94: 0 | T94: 0 | U94: 0 | V94: 0 | W94: 1 | X94: 0 | Y94: Yes | AC94: Bin | AD94: =LEFT(D94,2) -> CP | AE94: =_xlfn.XLOOKUP(D94,Mapping!A:A,Mapping!D:D,0,0) -> Bin | AF94: =IFERROR(IF(SEARCH("_TJ",D94)>0,"TJ",NA()),IFERROR(IF(SEARCH("_JB",D94)>0,"JB",NA()),"OLD")) -> OLD
A95: 13th+14th | B95: PAUSED | C95: 1011839022 | D95: CPA - Fantasy - Video-IS - Android - Canada | E95: nsfw | F95: 0.67291667 | G95: In-Stream Video | H95: TJX | I95: mobile | J95: GEO,Frequency,Keyword,OS,BrowserLanguage | K95: 220 | L95: 0 | M95: Yes | N95: Unlimited | O95: 0 | P95: 0 | Q95: 0 | S95: 0 | T95: 0 | U95: 0 | V95: 0 | W95: 1 | X95: 0 | Y95: Yes | AC95: Bin | AD95: =LEFT(D95,2) -> CP | AE95: =_xlfn.XLOOKUP(D95,Mapping!A:A,Mapping!D:D,0,0) -> Bin | AF95: =IFERROR(IF(SEARCH("_TJ",D95)>0,"TJ",NA()),IFERROR(IF(SEARCH("_JB",D95)>0,"JB",NA()),"OLD")) -> OLD
A96: 13th+14th | B96: PAUSED | C96: 1011839032 | D96: CPA - Fantasy - Video-IS - iOS - Canada | E96: nsfw | F96: 0.67291667 | G96: In-Stream Video | H96: TJX | I96: mobile | J96: GEO,Frequency,Keyword,OS,BrowserLanguage | K96: 220 | L96: 0 | M96: No | N96: 200 | O96: 0 | P96: 0 | Q96: 0 | S96: 0 | T96: 0 | U96: 0 | V96: 0 | W96: 1 | X96: 0 | Y96: Yes | AC96: Bin | AD96: =LEFT(D96,2) -> CP | AE96: =_xlfn.XLOOKUP(D96,Mapping!A:A,Mapping!D:D,0,0) -> Bin | AF96: =IFERROR(IF(SEARCH("_TJ",D96)>0,"TJ",NA()),IFERROR(IF(SEARCH("_JB",D96)>0,"JB",NA()),"OLD")) -> OLD
A97: 13th+14th | B97: PAUSED | C97: 1011839042 | D97: CPA - Cosplay - Video-IS - iOS - USA | E97: nsfw | F97: 0.67291667 | G97: In-Stream Video | H97: TJX | I97: mobile | J97: GEO,Frequency,Keyword,OS,BrowserLanguage | K97: 130 | L97: 0 | M97: No | N97: 100 | O97: 0 | P97: 0 | Q97: 0 | S97: 0 | T97: 0 | U97: 0 | V97: 0 | W97: 1 | X97: 0 | Y97: Yes | AC97: Bin | AD97: =LEFT(D97,2) -> CP | AE97: =_xlfn.XLOOKUP(D97,Mapping!A:A,Mapping!D:D,0,0) -> Bin | AF97: =IFERROR(IF(SEARCH("_TJ",D97)>0,"TJ",NA()),IFERROR(IF(SEARCH("_JB",D97)>0,"JB",NA()),"OLD")) -> OLD
A98: 13th+14th | B98: PAUSED | C98: 1011839052 | D98: CPA - Cosplay - Video-IS - Desktop - USA | E98: nsfw | F98: 0.67291667 | G98: In-Stream Video | H98: TJX | I98: desktop | J98: GEO,Frequency,Keyword,BrowserLanguage | K98: 88 | L98: 0 | M98: No | N98: 500 | O98: 0 | P98: 0 | Q98: 0 | S98: 0 | T98: 0 | U98: 0 | V98: 0 | W98: 1 | X98: 0 | Y98: Yes | AC98: Bin | AD98: =LEFT(D98,2) -> CP | AE98: =_xlfn.XLOOKUP(D98,Mapping!A:A,Mapping!D:D,0,0) -> Bin | AF98: =IFERROR(IF(SEARCH("_TJ",D98)>0,"TJ",NA()),IFERROR(IF(SEARCH("_JB",D98)>0,"JB",NA()),"OLD")) -> OLD
A99: 13th+14th | B99: PAUSED | C99: 1011839072 | D99: CPA - Cosplay - Video-IS - Android - Aus | E99: nsfw | F99: 0.67291667 | G99: In-Stream Video | H99: TJX | I99: mobile | J99: GEO,Frequency,Keyword,OS,BrowserLanguage | K99: 130 | L99: 0 | M99: No | N99: 100 | O99: 0 | P99: 0 | Q99: 0 | S99: 0 | T99: 0 | U99: 0 | V99: 0 | W99: 1 | X99: 0 | Y99: Yes | AC99: Bin | AD99: =LEFT(D99,2) -> CP | AE99: =_xlfn.XLOOKUP(D99,Mapping!A:A,Mapping!D:D,0,0) -> Bin | AF99: =IFERROR(IF(SEARCH("_TJ",D99)>0,"TJ",NA()),IFERROR(IF(SEARCH("_JB",D99)>0,"JB",NA()),"OLD")) -> OLD
A100: 13th+14th | B100: PAUSED | C100: 1011839082 | D100: CPA - Cosplay - Video-IS - iOS - Aus | E100: nsfw | F100: 0.67291667 | G100: In-Stream Video | H100: TJX | I100: mobile | J100: GEO,Frequency,Keyword,OS,BrowserLanguage | K100: 526 | L100: 0 | M100: Yes | N100: Unlimited | O100: 0 | P100: 0 | Q100: 0 | S100: 0 | T100: 0 | U100: 0 | V100: 0 | W100: 1 | X100: 0 | Y100: Yes | AC100: Bin | AD100: =LEFT(D100,2) -> CP | AE100: =_xlfn.XLOOKUP(D100,Mapping!A:A,Mapping!D:D,0,0) -> Bin | AF100: =IFERROR(IF(SEARCH("_TJ",D100)>0,"TJ",NA()),IFERROR(IF(SEARCH("_JB",D100)>0,"JB",NA()),"OLD")) -> OLD
...
